,Players,Batting,Bowling,Games,Won,Drawn,Win %,Innings Batted,Runs,Singles,Fours,Sixes,Dot Balls,Balls Faced,Outs,Bowled Outs,LBW Outs,Hitwicket Outs,Caught Outs,Stumped Outs,Run Outs,Caught and Bowled Outs,Dot Ball %,Strike Turnover %,Batting S/R,Batting S/R MeanAD,Batting Avg,Mean Score,Score MeanAD,Scoring Consistency,Boundary %,Runs/Ball,Mean Balls Faced,Balls Faced MeanAD,Survival Consistency,Avg First Boundary Ball,Dismissal Rate,Boundary Rate,Innings Bowled,Runsgiven,Singlesgiven,Foursgiven,Sixesgiven,Wickets,Balls Bowled,Extras,No Balls,Wides,Dot Balls Bowled,Bowleds,LBWs,Hitwickets,Caughts,Stumpeds,Caught and Bowleds,Catches,Runouts,Stumpings,Economy Rate,Economy Rate MeanAD,Dot Ball Bowled %,Boundary Given %,Bowling Avg,Bowling Avg MeanAD,Bowling S/R,Bowling S/R MeanAD,Runsgiven/Ball,Boundary Given Rate,Strike Turnovergiven %,Avg Consecutive Dot Balls,Runs Rate,Runsgiven/Wicket,Runs AA,Runs/Ball AA,Runsgiven AA,Runsgiven/Ball AA
PD Salt,PD Salt,Right hand,Right arm off break,1,1,0,100.0,1,13,2,2,0,4,9,1,0,0,0,1,0,0,0,0.4,33.3,144.4,0.0,13.0,13.0,0.0,100.0,22.2,1.4,9.0,0.0,100.0,4.0,9.0,4.5,0,0,0,0,0,0,0,0,0,0,0,0,0,0,0,0,0,2,0,0,,0,,,,0,,0,,,,0.0,8.7,,-0.5,0.4,-14.3,
JC Buttler,JC Buttler,Right hand,,1,1,0,100.0,1,84,20,8,3,13,51,1,0,0,0,1,0,0,0,0.3,49.0,164.7,0.0,84.0,84.0,0.0,100.0,21.6,1.6,51.0,0.0,100.0,7.0,51.0,4.6,0,0,0,0,0,0,0,0,0,0,0,0,0,0,0,0,0,0,0,0,,0,,,,0,,0,,,,0.0,9.9,,70.5,0.6,-14.3,
Shaheen Shah Afridi,Shaheen Shah Afridi,Left hand,Left arm pace,1,0,0,0.0,1,9,7,0,0,3,11,1,0,0,0,1,0,0,0,0.3,45.5,81.8,0.0,9.0,9.0,0.0,100.0,0.0,0.8,11.0,0.0,100.0,,11.0,inf,1,36,5,5,1,3,24,1,0,1,10,0,0,0,3,0,0,1,0,0,9.0,0,41.7,25.0,12.0,0,8.0,0,1.5,4.0,32.0,1.8,4.9,12.0,-4.5,-0.2,21.7,0.1
Mohammad Amir,Mohammad Amir,Left hand,Left arm pace,1,0,0,0.0,1,5,1,1,0,1,3,1,1,0,0,0,0,0,0,0.3,33.3,166.7,0.0,5.0,5.0,0.0,100.0,33.3,1.7,3.0,0.0,100.0,1.0,3.0,3.0,1,34,7,3,1,0,24,0,0,0,8,0,0,0,0,0,0,0,0,0,8.5,0,33.3,16.7,inf,0,inf,0,1.4,6.0,50.0,1.3,10.0,inf,-8.5,0.7,19.7,0.0
Imad Wasim,Imad Wasim,Left hand,Left arm orthodox,1,0,0,0.0,1,22,8,2,1,2,13,1,0,0,0,1,0,0,0,0.2,61.5,169.2,0.0,22.0,22.0,0.0,100.0,23.1,1.7,13.0,0.0,100.0,2.0,13.0,4.3,1,19,13,0,1,2,24,0,0,0,10,1,0,0,1,0,0,0,0,0,4.8,0,41.7,4.2,9.5,0,12.0,0,0.8,24.0,54.2,1.7,10.2,9.5,8.5,0.7,4.7,-0.6
WG Jacks,WG Jacks,Right hand,Right arm off break,1,1,0,100.0,1,37,9,4,2,8,23,1,0,0,0,1,0,0,0,0.3,39.1,160.9,0.0,37.0,37.0,0.0,100.0,26.1,1.6,23.0,0.0,100.0,5.0,23.0,3.8,0,0,0,0,0,0,0,0,0,0,0,0,0,0,0,0,0,0,0,0,,0,,,,0,,0,,,,0.0,9.7,,23.5,0.6,-14.3,
Haris Rauf,Haris Rauf,Right hand,Right arm pace,1,0,0,0.0,1,3,1,0,0,0,2,0,0,0,0,0,0,0,0,0.0,50.0,150.0,0.0,inf,3.0,0.0,100.0,0.0,1.5,2.0,0.0,100.0,,inf,inf,1,34,10,3,2,2,24,0,0,0,9,0,0,0,2,0,0,1,0,0,8.5,0,37.5,20.8,17.0,0,12.0,0,1.4,4.8,54.2,2.2,9.0,17.0,-10.5,0.5,19.7,0.0
Shadab Khan,Shadab Khan,Right hand,Right arm leg break,1,0,0,0.0,1,3,3,0,0,1,4,1,0,0,0,1,0,0,0,0.2,50.0,75.0,0.0,3.0,3.0,0.0,100.0,0.0,0.8,4.0,0.0,100.0,,4.0,inf,1,55,9,5,3,0,24,0,0,0,3,0,0,0,0,0,0,2,0,0,13.8,0,12.5,33.3,inf,0,inf,0,2.3,3.0,37.5,1.0,4.5,inf,-10.5,-0.2,40.7,0.9
JM Bairstow,JM Bairstow,Right hand,Right arm pace,1,1,0,100.0,1,21,5,1,2,9,18,1,0,0,0,1,0,0,0,0.5,38.9,116.7,0.0,21.0,21.0,0.0,100.0,16.7,1.2,18.0,0.0,100.0,11.0,18.0,6.0,0,0,0,0,0,0,0,0,0,0,0,0,0,0,0,0,0,0,0,0,,0,,,,0,,0,,,,0.0,7.0,,7.5,0.2,-14.3,
Iftikhar Ahmed,Iftikhar Ahmed,Right hand,Right arm off break,1,0,0,0.0,1,23,7,1,2,7,17,1,0,0,0,1,0,0,0,0.4,41.2,135.3,0.0,23.0,23.0,0.0,100.0,17.6,1.4,17.0,0.0,100.0,8.0,17.0,5.7,0,0,0,0,0,0,0,0,0,0,0,0,0,0,0,0,0,1,0,0,,0,,,,0,,0,,,,0.0,8.1,,9.5,0.4,-14.3,
HC Brook,HC Brook,Right hand,Right arm pace,1,1,0,100.0,1,1,1,0,0,1,2,1,1,0,0,0,0,0,0,0.5,50.0,50.0,0.0,1.0,1.0,0.0,100.0,0.0,0.5,2.0,0.0,100.0,,2.0,inf,0,0,0,0,0,0,0,0,0,0,0,0,0,0,0,0,0,1,0,0,,0,,,,0,,0,,,,0.0,3.0,,-12.5,-0.5,-14.3,
MM Ali,MM Ali,Left hand,Right arm off break,1,1,0,100.0,1,4,4,0,0,3,7,1,0,0,0,1,0,0,0,0.4,50.0,57.1,0.0,4.0,4.0,0.0,100.0,0.0,0.6,7.0,0.0,100.0,,7.0,inf,1,26,9,2,1,2,24,0,0,0,11,0,1,0,1,0,0,1,0,0,6.5,0,45.8,12.5,13.0,0,12.0,0,1.1,8.0,50.0,2.2,3.4,13.0,-9.5,-0.4,11.7,-0.3
LS Livingstone,LS Livingstone,Right hand,Right arm off break,1,1,0,100.0,1,2,2,0,0,1,3,0,0,0,0,0,0,0,0,0.3,100.0,66.7,0.0,inf,2.0,0.0,100.0,0.0,0.7,3.0,0.0,100.0,,inf,inf,1,9,2,0,1,1,6,1,0,1,3,0,0,0,1,0,0,2,0,0,9.0,0,50.0,16.7,9.0,0,6.0,0,1.5,6.0,42.9,1.5,4.0,9.0,-11.5,-0.3,-5.3,0.1
Mohammad Rizwan,Mohammad Rizwan,Right hand,,1,0,0,0.0,1,0,0,0,0,3,3,1,0,0,0,1,0,0,0,1.0,0.0,0.0,0.0,0.0,0.0,0.0,,0.0,0.0,3.0,0.0,100.0,,3.0,inf,0,0,0,0,0,0,0,0,0,0,0,0,0,0,0,0,0,1,0,0,,0,,,,0,,0,,,,0.0,0.0,,-13.5,-1.0,-14.3,
CJ Jordan,CJ Jordan,Right hand,Right arm pace,1,1,0,100.0,1,3,1,0,0,1,3,1,0,0,0,1,0,0,0,0.3,66.7,100.0,0.0,3.0,3.0,0.0,100.0,0.0,1.0,3.0,0.0,100.0,,3.0,inf,1,31,15,3,0,1,24,2,1,1,6,1,0,0,0,0,0,2,0,0,7.8,0,25.0,12.5,31.0,0,24.0,0,1.3,8.0,46.2,1.5,6.0,31.0,-10.5,-0.0,16.7,-0.1
JC Archer,JC Archer,Right hand,Right arm pace,1,1,0,100.0,1,12,0,1,1,0,4,0,0,0,0,0,0,0,0,0.0,25.0,300.0,0.0,inf,12.0,0.0,100.0,50.0,3.0,4.0,0.0,100.0,1.0,inf,2.0,1,28,10,3,1,2,24,0,0,0,10,0,0,0,2,0,0,0,0,0,7.0,0,41.7,16.7,14.0,0,12.0,0,1.2,6.0,41.7,1.7,18.0,14.0,-1.5,2.0,13.7,-0.2
Saim Ayub,Saim Ayub,Left hand,Right arm pace,1,0,0,0.0,1,2,2,0,0,5,7,1,0,0,0,1,0,0,0,0.7,71.4,28.6,0.0,2.0,2.0,0.0,100.0,0.0,0.3,7.0,0.0,100.0,,7.0,inf,0,0,0,0,0,0,0,0,0,0,0,0,0,0,0,0,0,0,0,0,,0,,,,0,,0,,,,0.0,1.7,,-11.5,-0.7,-14.3,
Babar Azam,Babar Azam,Right hand,Right arm off break,1,0,0,0.0,1,32,10,4,0,10,26,1,0,1,0,0,0,0,0,0.4,44.4,123.1,0.0,32.0,32.0,0.0,100.0,15.4,1.2,26.0,0.0,100.0,4.0,26.0,6.5,0,0,0,0,0,0,0,0,0,0,0,0,0,0,0,0,0,0,0,0,,0,,,,0,,0,,,,0.0,7.4,,18.5,0.2,-14.3,
RJW Topley,RJW Topley,Right hand,Left arm pace,1,1,0,100.0,0,0,0,0,0,0,0,0,0,0,0,0,0,0,0,,,,0.0,,,0.0,,,,,0.0,,,,,1,41,5,6,1,3,20,1,0,1,6,0,0,0,3,0,0,0,0,0,12.3,0,30.0,35.0,13.67,0,6.7,0,2.0,2.9,42.9,1.2,,13.7,-13.5,,26.7,0.6
Fakhar Zaman,Fakhar Zaman,Left hand,Left arm orthodox,1,0,0,0.0,1,45,7,5,3,6,21,1,0,0,0,1,0,0,0,0.3,45.8,214.3,0.0,45.0,45.0,0.0,100.0,38.1,2.1,21.0,0.0,100.0,1.0,21.0,2.6,0,0,0,0,0,0,0,0,0,0,0,0,0,0,0,0,0,0,0,0,,0,,,,0,,0,,,,0.0,12.9,,31.5,1.1,-14.3,
AU Rashid,AU Rashid,Right hand,Right arm leg break,1,1,0,100.0,0,0,0,0,0,0,0,0,0,0,0,0,0,0,0,,,,0.0,,,0.0,,,,,0.0,,,,,1,25,6,1,2,1,18,1,0,1,8,0,0,0,1,0,0,0,0,0,8.3,0,44.4,16.7,25.0,0,18.0,0,1.4,6.0,36.8,2.0,,25.0,-13.5,,10.7,0.0
Azam Khan,Azam Khan,Right hand,,1,0,0,0.0,1,11,1,2,0,6,10,1,0,0,0,1,0,0,0,0.6,10.0,110.0,0.0,11.0,11.0,0.0,100.0,20.0,1.1,10.0,0.0,100.0,7.0,10.0,5.0,0,0,0,0,0,0,0,0,0,0,0,0,0,0,0,0,0,0,0,0,,0,,,,0,,0,,,,0.0,6.6,,-2.5,0.1,-14.3,
EL Lamb,EL Lamb,Right hand,Right arm pace,1,0,0,0.0,1,63,27,6,0,11,50,0,0,0,0,0,0,0,0,0.2,47.1,126.0,0.0,inf,63.0,0.0,100.0,12.0,1.3,50.0,0.0,100.0,5.0,inf,8.3,0,0,0,0,0,0,0,0,0,0,0,0,0,0,0,0,0,0,0,0,,0,,,,0,,0,,,,0.0,7.6,,49.5,0.3,-14.3,
FMK Morris,FMK Morris,Right hand,Right arm off break,1,0,0,0.0,1,11,0,2,0,5,8,1,1,0,0,0,0,0,0,0.6,11.1,137.5,0.0,11.0,11.0,0.0,100.0,25.0,1.4,8.0,0.0,100.0,1.0,8.0,4.0,1,17,9,1,0,0,24,0,0,0,12,0,0,0,0,0,0,1,0,0,4.2,0,50.0,4.2,inf,0,inf,0,0.7,24.0,45.8,3.0,8.2,inf,-2.5,0.4,2.7,-0.7
G Ballinger,G Ballinger,Left hand,Left arm pace,1,1,0,100.0,0,0,0,0,0,0,0,0,0,0,0,0,0,0,0,,,,0.0,,,0.0,,,,,0.0,,,,,1,25,7,3,0,2,24,4,0,4,13,1,0,0,1,0,0,0,0,0,6.2,0,54.2,12.5,12.5,0,12.0,0,1.0,8.0,34.6,1.9,,12.5,-13.5,,10.7,-0.4
N de Klerk,N de Klerk,Right hand,Right arm pace,1,1,0,100.0,1,25,5,3,1,11,22,1,0,0,0,1,0,0,0,0.5,25.0,113.6,0.0,25.0,25.0,0.0,100.0,18.2,1.1,22.0,0.0,100.0,10.0,22.0,5.5,1,28,12,1,0,1,24,1,1,0,6,0,0,0,1,0,0,0,0,0,7.0,0,25.0,4.2,28.0,0,24.0,0,1.2,24.0,52.0,1.5,6.8,28.0,11.5,0.1,13.7,-0.2
S Smale,S Smale,,,1,0,0,0.0,1,5,3,0,0,0,4,1,0,0,0,0,0,1,0,0.0,75.0,125.0,0.0,5.0,5.0,0.0,100.0,0.0,1.2,4.0,0.0,100.0,,4.0,inf,0,0,0,0,0,0,0,0,0,0,0,0,0,0,0,0,0,0,0,0,,0,,,,0,,0,,,,0.0,7.5,,-8.5,0.2,-14.3,
KL Gordon,KL Gordon,Right hand,Left arm orthodox,1,1,0,100.0,0,0,0,0,0,0,0,0,0,0,0,0,0,0,0,,,,0.0,,,0.0,,,,,0.0,,,,,1,32,12,4,0,1,24,0,0,0,6,1,0,0,0,0,0,0,0,0,8.0,0,25.0,16.7,32.0,0,24.0,0,1.3,6.0,50.0,1.5,,32.0,-13.5,,17.7,-0.1
LF Higham,LF Higham,Right hand,Right arm off break,1,1,0,100.0,0,0,0,0,0,0,0,0,0,0,0,0,0,0,0,,,,0.0,,,0.0,,,,,0.0,,,,,1,23,5,4,0,0,12,0,0,0,2,0,0,0,0,0,0,0,1,0,11.5,0,16.7,33.3,inf,0,inf,0,1.9,3.0,25.0,2.0,,inf,-13.5,,8.7,0.5
E Threlkeld,E Threlkeld,Right hand,,1,0,0,0.0,1,7,3,1,0,9,13,1,1,0,0,0,0,0,0,0.7,21.4,53.8,0.0,7.0,7.0,0.0,100.0,7.7,0.5,13.0,0.0,100.0,6.0,13.0,13.0,0,0,0,0,0,0,0,0,0,0,0,0,0,0,0,0,0,0,0,1,,0,,,,0,,0,,,,0.0,3.2,,-6.5,-0.5,-14.3,
KE Bryce,KE Bryce,Right hand,Right arm pace,1,1,0,100.0,1,61,17,2,4,20,51,1,0,0,0,0,1,0,0,0.4,32.1,119.6,0.0,61.0,61.0,0.0,100.0,11.8,1.2,51.0,0.0,100.0,8.0,51.0,8.5,1,29,9,3,0,1,24,0,0,0,8,0,0,0,0,1,0,0,0,0,7.2,0,33.3,12.5,29.0,0,24.0,0,1.2,8.0,29.2,2.0,7.2,29.0,47.5,0.2,14.7,-0.2
DL Collins,DL Collins,Left hand,Right arm pace,1,0,0,0.0,1,10,4,1,0,5,11,1,0,0,0,0,1,0,0,0.5,27.3,90.9,0.0,10.0,10.0,0.0,100.0,9.1,0.9,11.0,0.0,100.0,8.0,11.0,11.0,1,16,2,2,1,0,6,0,0,0,1,0,0,0,0,0,0,1,0,0,16.0,0,16.7,50.0,inf,0,inf,0,2.7,2.0,16.7,1.0,5.5,inf,-3.5,-0.1,1.7,1.3
J Groves,J Groves,,,1,1,0,100.0,0,0,0,0,0,0,0,0,0,0,0,0,0,0,0,,,,0.0,,,0.0,,,,,0.0,,,,,1,14,6,1,0,0,12,2,0,2,4,0,0,0,0,0,0,0,0,0,7.0,0,33.3,8.3,inf,0,inf,0,1.2,12.0,30.8,1.3,,inf,-13.5,,-0.3,-0.2
SJ Bryce,SJ Bryce,Right hand,,1,1,0,100.0,1,24,4,3,0,9,20,1,0,0,0,1,0,0,0,0.4,35.0,120.0,0.0,24.0,24.0,0.0,100.0,15.0,1.2,20.0,0.0,100.0,1.0,20.0,6.7,0,0,0,0,0,0,0,0,0,0,0,0,0,0,0,0,0,0,0,1,,0,,,,0,,0,,,,0.0,7.2,,10.5,0.2,-14.3,
A Lister,A Lister,Right hand,,1,0,0,0.0,1,44,12,6,0,7,30,1,0,0,0,1,0,0,0,0.2,36.7,146.7,0.0,44.0,44.0,0.0,100.0,20.0,1.5,30.0,0.0,100.0,1.0,30.0,5.0,0,0,0,0,0,0,0,0,0,0,0,0,0,0,0,0,0,1,0,0,,0,,,,0,,0,,,,0.0,8.8,,30.5,0.5,-14.3,
M Kelly,M Kelly,Right hand,Right arm pace,1,1,0,100.0,1,0,0,0,0,2,2,1,0,0,0,1,0,0,0,1.0,0.0,0.0,0.0,0.0,0.0,0.0,,0.0,0.0,2.0,0.0,100.0,,2.0,inf,0,0,0,0,0,0,0,0,0,0,0,0,0,0,0,0,0,1,0,0,,0,,,,0,,0,,,,0.0,0.0,,-13.5,-1.0,-14.3,
D Mullan,D Mullan,,,1,0,0,0.0,1,2,2,0,0,2,4,1,0,0,0,1,0,0,0,0.5,50.0,50.0,0.0,2.0,2.0,0.0,100.0,0.0,0.5,4.0,0.0,100.0,,4.0,inf,0,0,0,0,0,0,0,0,0,0,0,0,0,0,0,0,0,0,0,0,,0,,,,0,,0,,,,0.0,3.0,,-11.5,-0.5,-14.3,
ML Kirk,ML Kirk,Right hand,Right arm off break,1,1,0,100.0,1,4,2,0,0,3,6,0,0,0,0,0,0,0,0,0.5,28.6,66.7,0.0,inf,4.0,0.0,100.0,0.0,0.7,6.0,0.0,100.0,,inf,inf,0,0,0,0,0,0,0,0,0,0,0,0,0,0,0,0,0,1,0,0,,0,,,,0,,0,,,,0.0,4.0,,-9.5,-0.3,-14.3,
TG Norris,TG Norris,Left hand,Left arm pace,1,0,0,0.0,1,2,0,0,0,0,1,0,0,0,0,0,0,0,0,0.0,100.0,200.0,0.0,inf,2.0,0.0,100.0,0.0,2.0,1.0,0.0,100.0,,inf,inf,1,31,7,4,0,1,24,2,0,2,10,0,0,0,1,0,0,0,0,0,7.8,0,41.7,16.7,31.0,0,24.0,0,1.3,6.0,30.8,2.0,12.0,31.0,-11.5,1.0,16.7,-0.1
T Graves,T Graves,Right hand,Right arm pace,1,1,0,100.0,1,8,0,0,1,3,5,1,0,0,0,1,0,0,0,0.6,40.0,160.0,0.0,8.0,8.0,0.0,100.0,20.0,1.6,5.0,0.0,100.0,2.0,5.0,5.0,0,0,0,0,0,0,0,0,0,0,0,0,0,0,0,0,0,0,0,0,,0,,,,0,,0,,,,0.0,9.6,,-5.5,0.6,-14.3,
M Gaur,M Gaur,Right hand,Left arm pace,1,0,0,0.0,0,0,0,0,0,0,0,0,0,0,0,0,0,0,0,,,,0.0,,,0.0,,,,,0.0,,,,,1,39,3,3,2,3,24,4,3,1,12,0,0,0,3,0,0,0,0,0,9.8,0,50.0,20.8,13.0,0,8.0,0,1.6,4.8,25.0,1.8,,13.0,-13.5,,24.7,0.2
PC Graham,PC Graham,Right hand,Right arm pace,1,0,0,0.0,0,0,0,0,0,0,0,0,0,0,0,0,0,0,0,,,,0.0,,,0.0,,,,,0.0,,,,,1,13,1,1,0,1,18,2,0,2,12,0,0,0,0,1,0,0,0,0,4.3,0,66.7,5.6,13.0,0,18.0,0,0.7,18.0,20.0,2.6,,13.0,-13.5,,-1.3,-0.7
HE Jones,HE Jones,Left hand,Left arm orthodox,1,0,0,0.0,0,0,0,0,0,0,0,0,0,0,0,0,0,0,0,,,,0.0,,,0.0,,,,,0.0,,,,,1,33,10,0,3,0,17,1,0,1,2,0,0,0,0,0,0,1,0,0,11.6,0,11.8,17.6,inf,0,inf,0,1.9,5.7,44.4,1.0,,inf,-13.5,,18.7,0.5
E Claridge,E Claridge,Right hand,Right arm pace,1,1,0,100.0,1,18,4,3,0,1,10,0,0,0,0,0,0,0,0,0.1,50.0,180.0,0.0,inf,18.0,0.0,100.0,30.0,1.8,10.0,0.0,100.0,5.0,inf,3.3,0,0,0,0,0,0,0,0,0,0,0,0,0,0,0,0,0,0,0,0,,0,,,,0,,0,,,,0.0,10.8,,4.5,0.8,-14.3,
Shayan Jahangir,Shayan Jahangir,Right hand,Right arm pace,1,0,0,0.0,1,18,4,2,1,13,20,1,0,0,0,1,0,0,0,0.6,15.0,90.0,0.0,18.0,18.0,0.0,100.0,15.0,0.9,20.0,0.0,100.0,7.0,20.0,6.7,0,0,0,0,0,0,0,0,0,0,0,0,0,0,0,0,0,0,0,0,,0,,,,0,,0,,,,0.0,5.4,,4.5,-0.1,-14.3,
AGS Gous,AGS Gous,,,1,0,0,0.0,1,27,1,5,1,8,15,1,0,0,0,1,0,0,0,0.5,18.8,180.0,0.0,27.0,27.0,0.0,100.0,40.0,1.8,15.0,0.0,100.0,5.0,15.0,2.5,0,0,0,0,0,0,0,0,0,0,0,0,0,0,0,0,0,0,0,0,,0,,,,0,,0,,,,0.0,10.8,,13.5,0.8,-14.3,
Tanzim Hasan Sakib,Tanzim Hasan Sakib,,,1,1,0,100.0,0,0,0,0,0,0,0,0,0,0,0,0,0,0,0,,,,0.0,,,0.0,,,,,0.0,,,,,1,32,5,5,1,1,24,1,0,1,13,0,0,0,1,0,0,1,0,0,8.0,0,54.2,25.0,32.0,0,24.0,0,1.3,4.0,24.0,2.6,,32.0,-13.5,,17.7,-0.1
Hasan Mahmud,Hasan Mahmud,Right hand,Right arm pace,1,1,0,100.0,0,0,0,0,0,0,0,0,0,0,0,0,0,0,0,,,,0.0,,,0.0,,,,,0.0,,,,,1,19,4,3,0,0,18,1,0,1,9,0,0,0,0,0,0,0,0,0,6.3,0,50.0,16.7,inf,0,inf,0,1.1,6.0,26.3,1.7,,inf,-13.5,,4.7,-0.3
Shakib Al Hasan,Shakib Al Hasan,Left hand,Left arm orthodox,1,1,0,100.0,0,0,0,0,0,0,0,0,0,0,0,0,0,0,0,,,,0.0,,,0.0,,,,,0.0,,,,,1,23,7,1,2,1,18,0,0,0,8,0,0,0,1,0,0,0,0,0,7.7,0,44.4,16.7,23.0,0,18.0,0,1.3,6.0,33.3,1.6,,23.0,-13.5,,8.7,-0.1
Soumya Sarkar,Soumya Sarkar,Left hand,Right arm pace,1,1,0,100.0,1,43,11,4,2,9,28,0,0,0,0,0,0,0,0,0.3,37.9,153.6,0.0,inf,43.0,0.0,100.0,21.4,1.5,28.0,0.0,100.0,8.0,inf,4.7,0,0,0,0,0,0,0,0,0,0,0,0,0,0,0,0,0,1,0,0,,0,,,,0,,0,,,,0.0,9.2,,29.5,0.5,-14.3,
NR Kumar,NR Kumar,Right hand,Right arm off break,1,0,0,0.0,1,3,3,0,0,6,9,1,0,0,0,1,0,0,0,0.7,44.4,33.3,0.0,3.0,3.0,0.0,100.0,0.0,0.3,9.0,0.0,100.0,,9.0,inf,1,11,3,2,0,0,6,0,0,0,1,0,0,0,0,0,0,0,0,0,11.0,0,16.7,33.3,inf,0,inf,0,1.8,3.0,33.3,1.0,2.0,inf,-10.5,-0.7,-3.3,0.4
Mustafizur Rahman,Mustafizur Rahman,Left hand,Left arm pace,1,1,0,100.0,0,0,0,0,0,0,0,0,0,0,0,0,0,0,0,,,,0.0,,,0.0,,,,,0.0,,,,,1,10,6,0,0,6,24,4,0,4,17,3,0,0,3,0,0,0,0,0,2.5,0,70.8,0.0,1.67,0,4.0,0,0.4,inf,39.3,2.6,,1.7,-13.5,,-4.3,-1.0
Milind Kumar,Milind Kumar,Right hand,Right arm off break,1,0,0,0.0,1,7,5,0,0,13,20,1,0,0,0,1,0,0,0,0.6,33.3,35.0,0.0,7.0,7.0,0.0,100.0,0.0,0.4,20.0,0.0,100.0,,20.0,inf,1,25,6,2,1,0,24,0,0,0,13,0,0,0,0,0,0,0,0,0,6.2,0,54.2,12.5,inf,0,inf,0,1.0,8.0,20.8,2.3,2.1,inf,-6.5,-0.6,10.7,-0.4
Rishad Hossain,Rishad Hossain,Right hand,Right arm leg break,1,1,0,100.0,0,0,0,0,0,0,0,0,0,0,0,0,0,0,0,,,,0.0,,,0.0,,,,,0.0,,,,,1,7,7,0,0,1,24,0,0,0,17,0,0,0,1,0,0,2,0,0,1.8,0,70.8,0.0,7.0,0,24.0,0,0.3,inf,37.5,5.7,,7.0,-13.5,,-7.3,-1.1
Liton Das,Liton Das,Right hand,,1,1,0,100.0,0,0,0,0,0,0,0,0,0,0,0,0,0,0,0,,,,0.0,,,0.0,,,,,0.0,,,,,0,0,0,0,0,0,0,0,0,0,0,0,0,0,0,0,0,1,0,0,,0,,,,0,,0,,,,0.0,,,-13.5,,-14.3,
Aaron Jones,Aaron Jones,Right hand,Right arm leg break,1,0,0,0.0,1,2,2,0,0,5,7,1,0,0,0,1,0,0,0,0.7,28.6,28.6,0.0,2.0,2.0,0.0,100.0,0.0,0.3,7.0,0.0,100.0,,7.0,inf,0,0,0,0,0,0,0,0,0,0,0,0,0,0,0,0,0,0,0,0,,0,,,,0,,0,,,,0.0,1.7,,-11.5,-0.7,-14.3,
CJ Anderson,CJ Anderson,Left hand,Left arm pace,1,0,0,0.0,1,18,8,1,1,8,18,1,1,0,0,0,0,0,0,0.4,47.4,100.0,0.0,18.0,18.0,0.0,100.0,11.1,1.0,18.0,0.0,100.0,14.0,18.0,9.0,0,0,0,0,0,0,0,0,0,0,0,0,0,0,0,0,0,0,0,0,,0,,,,0,,0,,,,0.0,6.0,,4.5,-0.0,-14.3,
Tanzid Hasan,Tanzid Hasan,,,1,1,0,100.0,1,58,15,5,3,17,42,0,0,0,0,0,0,0,0,0.4,30.2,138.1,0.0,inf,58.0,0.0,100.0,19.0,1.4,42.0,0.0,100.0,3.0,inf,5.2,0,0,0,0,0,0,0,0,0,0,0,0,0,0,0,0,0,1,0,0,,0,,,,0,,0,,,,0.0,8.3,,44.5,0.4,-14.3,
SC van Schalkwyk,SC van Schalkwyk,,,1,0,0,0.0,1,12,6,1,0,8,17,1,1,0,0,0,0,0,0,0.5,44.4,70.6,0.0,12.0,12.0,0.0,100.0,5.9,0.7,17.0,0.0,100.0,12.0,17.0,17.0,1,14,2,1,1,0,6,0,0,0,1,0,0,0,0,0,0,0,0,0,14.0,0,16.7,33.3,inf,0,inf,0,2.3,3.0,33.3,1.0,4.2,inf,-1.5,-0.3,-0.3,0.9
Mahmudullah,Mahmudullah,Right hand,Right arm off break,1,1,0,100.0,0,0,0,0,0,0,0,0,0,0,0,0,0,0,0,,,,0.0,,,0.0,,,,,0.0,,,,,1,11,5,1,0,0,12,0,0,0,5,0,0,0,0,0,0,0,0,0,5.5,0,41.7,8.3,inf,0,inf,0,0.9,12.0,58.3,1.2,,inf,-13.5,,-3.3,-0.5
Jasdeep Singh,Jasdeep Singh,Right hand,Right arm pace,1,0,0,0.0,1,6,2,1,0,4,7,1,1,0,0,0,0,0,0,0.6,33.3,85.7,0.0,6.0,6.0,0.0,100.0,14.3,0.9,7.0,0.0,100.0,3.0,7.0,7.0,1,10,4,1,0,0,12,0,0,0,6,0,0,0,0,0,0,0,0,0,5.0,0,50.0,8.3,inf,0,inf,0,0.8,12.0,33.3,1.5,5.1,inf,-7.5,-0.1,-4.3,-0.6
NK Patel,NK Patel,Left hand,,1,0,0,0.0,1,2,2,0,0,4,6,1,0,0,0,1,0,0,0,0.7,66.7,33.3,0.0,2.0,2.0,0.0,100.0,0.0,0.3,6.0,0.0,100.0,,6.0,inf,1,6,2,1,0,0,4,0,0,0,1,0,0,0,0,0,0,0,0,0,9.0,0,25.0,25.0,inf,0,inf,0,1.5,4.0,50.0,1.0,2.0,inf,-11.5,-0.7,-8.3,0.1
NP Kenjige,NP Kenjige,Right hand,Left arm orthodox,1,0,0,0.0,1,1,1,0,0,0,1,0,0,0,0,0,0,0,0,0.0,100.0,100.0,0.0,inf,1.0,0.0,100.0,0.0,1.0,1.0,0.0,100.0,,inf,inf,1,13,5,0,1,0,6,2,0,2,0,0,0,0,0,0,0,0,0,0,13.0,0,0.0,16.7,inf,0,inf,0,2.2,6.0,71.4,0.0,6.0,inf,-12.5,-0.0,-1.3,0.8
SN Netravalkar,SN Netravalkar,Right hand,Left arm pace,1,0,0,0.0,0,0,0,0,0,0,0,0,0,0,0,0,0,0,0,,,,0.0,,,0.0,,,,,0.0,,,,,1,25,4,2,2,0,12,1,0,1,4,0,0,0,0,0,0,0,0,0,12.5,0,33.3,33.3,inf,0,inf,0,2.1,3.0,30.8,1.3,,inf,-13.5,,10.7,0.7
Abhishek Sharma,Abhishek Sharma,Left hand,Left arm orthodox,1,0,0,0.0,1,2,0,0,0,4,5,1,1,0,0,0,0,0,0,0.8,0.0,40.0,0.0,2.0,2.0,0.0,100.0,0.0,0.4,5.0,0.0,100.0,,5.0,inf,0,0,0,0,0,0,0,0,0,0,0,0,0,0,0,0,0,0,0,0,,0,,,,0,,0,,,,0.0,2.4,,-11.5,-0.6,-14.3,
TM Head,TM Head,Left hand,Right arm off break,1,0,0,0.0,1,0,0,0,0,1,1,1,0,0,0,1,0,0,0,1.0,100.0,0.0,0.0,0.0,0.0,0.0,,0.0,0.0,1.0,0.0,100.0,,1.0,inf,0,0,0,0,0,0,0,0,0,0,0,0,0,0,0,0,0,0,0,0,,0,,,,0,,0,,,,0.0,0.0,,-13.5,-1.0,-14.3,
MA Starc,MA Starc,Left hand,Left arm pace,1,1,0,100.0,0,0,0,0,0,0,0,0,0,0,0,0,0,0,0,,,,0.0,,,0.0,,,,,0.0,,,,,1,14,4,2,0,2,18,0,0,0,11,1,0,0,1,0,0,2,0,0,4.7,0,61.1,11.1,7.0,0,9.0,0,0.8,9.0,27.8,2.2,,7.0,-13.5,,-0.3,-0.6
RA Tripathi,RA Tripathi,Right hand,Right arm pace,1,0,0,0.0,1,9,5,1,0,6,13,1,0,0,0,1,0,0,0,0.5,25.0,69.2,0.0,9.0,9.0,0.0,100.0,7.7,0.7,13.0,0.0,100.0,7.0,13.0,13.0,0,0,0,0,0,0,0,0,0,0,0,0,0,0,0,0,0,0,0,0,,0,,,,0,,0,,,,0.0,4.2,,-4.5,-0.3,-14.3,
VG Arora,VG Arora,,,1,1,0,100.0,0,0,0,0,0,0,0,0,0,0,0,0,0,0,0,,,,0.0,,,0.0,,,,,0.0,,,,,1,24,6,2,1,1,18,4,0,4,8,0,0,0,1,0,0,0,0,0,8.0,0,44.4,16.7,24.0,0,18.0,0,1.3,6.0,31.8,1.5,,24.0,-13.5,,9.7,-0.1
Rahmanullah Gurbaz,Rahmanullah Gurbaz,Right hand,,1,1,0,100.0,1,39,7,5,2,17,32,1,0,1,0,0,0,0,0,0.5,25.7,121.9,0.0,39.0,39.0,0.0,100.0,21.9,1.2,32.0,0.0,100.0,2.0,32.0,4.6,0,0,0,0,0,0,0,0,0,0,0,0,0,0,0,0,0,3,0,0,,0,,,,0,,0,,,,0.0,7.3,,25.5,0.2,-14.3,
AK Markram,AK Markram,Right hand,Right arm off break,1,0,0,0.0,1,20,8,3,0,12,23,1,0,0,0,1,0,0,0,0.5,44.0,87.0,0.0,20.0,20.0,0.0,100.0,13.0,0.9,23.0,0.0,100.0,2.0,23.0,7.7,1,5,3,0,0,0,6,0,0,0,2,0,0,0,0,0,0,0,0,0,5.0,0,33.3,0.0,inf,0,inf,0,0.8,inf,33.3,2.0,5.2,inf,6.5,-0.1,-9.3,-0.6
Ramandeep Singh,Ramandeep Singh,,,1,1,0,100.0,0,0,0,0,0,0,0,0,0,0,0,0,0,0,0,,,,0.0,,,0.0,,,,,0.0,,,,,0,0,0,0,0,0,0,0,0,0,0,0,0,0,0,0,0,1,0,0,,0,,,,0,,0,,,,0.0,,,-13.5,,-14.3,
Nithish Kumar Reddy,Nithish Kumar Reddy,,,1,0,0,0.0,1,13,3,1,1,5,10,1,0,0,0,1,0,0,0,0.5,40.0,130.0,0.0,13.0,13.0,0.0,100.0,20.0,1.3,10.0,0.0,100.0,5.0,10.0,5.0,0,0,0,0,0,0,0,0,0,0,0,0,0,0,0,0,0,0,0,0,,0,,,,0,,0,,,,0.0,7.8,,-0.5,0.3,-14.3,
Harshit Rana,Harshit Rana,,,1,1,0,100.0,0,0,0,0,0,0,0,0,0,0,0,0,0,0,0,,,,0.0,,,0.0,,,,,0.0,,,,,1,24,7,2,1,2,24,1,0,1,13,1,0,0,1,0,0,0,0,0,6.0,0,54.2,12.5,12.0,0,12.0,0,1.0,8.0,28.0,2.6,,12.0,-13.5,,9.7,-0.4
H Klaasen,H Klaasen,Right hand,Right arm off break,1,0,0,0.0,1,16,10,1,0,5,17,1,1,0,0,0,0,0,0,0.3,47.1,94.1,0.0,16.0,16.0,0.0,100.0,5.9,0.9,17.0,0.0,100.0,3.0,17.0,17.0,0,0,0,0,0,0,0,0,0,0,0,0,0,0,0,0,0,0,0,0,,0,,,,0,,0,,,,0.0,5.6,,2.5,-0.1,-14.3,
SP Narine,SP Narine,Left hand,Right arm off break,1,1,0,100.0,1,6,0,0,1,1,2,1,0,0,0,1,0,0,0,0.5,0.0,300.0,0.0,6.0,6.0,0.0,100.0,50.0,3.0,2.0,0.0,100.0,1.0,2.0,2.0,1,16,14,0,0,1,24,0,0,0,8,0,1,0,0,0,0,1,0,0,4.0,0,33.3,0.0,16.0,0,24.0,0,0.7,inf,58.3,1.8,18.0,16.0,-7.5,2.0,1.7,-0.7
AD Russell,AD Russell,Right hand,Right arm pace,1,1,0,100.0,0,0,0,0,0,0,0,0,0,0,0,0,0,0,0,,,,0.0,,,0.0,,,,,0.0,,,,,1,19,4,1,1,3,15,1,0,1,7,0,0,0,3,0,0,0,0,0,7.6,0,46.7,13.3,6.33,0,5.0,0,1.3,7.5,25.0,1.8,,6.3,-13.5,,4.7,-0.1
Shahbaz Ahmed,Shahbaz Ahmed,Left hand,Left arm orthodox,1,0,0,0.0,1,8,0,0,1,5,7,1,0,0,0,1,0,0,0,0.7,0.0,114.3,0.0,8.0,8.0,0.0,100.0,14.3,1.1,7.0,0.0,100.0,4.0,7.0,7.0,1,22,4,1,2,1,15,0,0,0,4,0,1,0,0,0,0,1,0,0,8.8,0,26.7,20.0,22.0,0,15.0,0,1.5,5.0,40.0,1.8,6.9,22.0,-5.5,0.1,7.7,0.1
CV Varun,CV Varun,Right hand,Right arm leg break,1,1,0,100.0,0,0,0,0,0,0,0,0,0,0,0,0,0,0,0,,,,0.0,,,0.0,,,,,0.0,,,,,1,9,3,1,0,1,12,0,0,0,6,0,0,0,1,0,0,0,0,0,4.5,0,50.0,8.3,9.0,0,12.0,0,0.8,12.0,33.3,1.8,,9.0,-13.5,,-5.3,-0.6
Abdul Samad,Abdul Samad,Right hand,Right arm leg break,1,0,0,0.0,1,4,2,0,0,1,4,1,0,0,0,1,0,0,0,0.2,20.0,100.0,0.0,4.0,4.0,0.0,100.0,0.0,1.0,4.0,0.0,100.0,,4.0,inf,0,0,0,0,0,0,0,0,0,0,0,0,0,0,0,0,0,0,0,0,,0,,,,0,,0,,,,0.0,6.0,,-9.5,-0.0,-14.3,
PJ Cummins,PJ Cummins,Right hand,Right arm pace,1,0,0,0.0,1,24,6,2,1,6,19,1,0,0,0,1,0,0,0,0.3,36.8,126.3,0.0,24.0,24.0,0.0,100.0,15.8,1.3,19.0,0.0,100.0,1.0,19.0,6.3,1,18,2,2,1,1,12,2,0,2,7,0,0,0,1,0,0,0,0,0,9.0,0,58.3,25.0,18.0,0,12.0,0,1.5,4.0,30.8,1.8,7.6,18.0,10.5,0.3,3.7,0.1
JD Unadkat,JD Unadkat,Right hand,Left arm pace,1,0,0,0.0,1,4,4,0,0,7,11,1,0,1,0,0,0,0,0,0.6,36.4,36.4,0.0,4.0,4.0,0.0,100.0,0.0,0.4,11.0,0.0,100.0,,11.0,inf,1,9,3,1,0,0,6,0,0,0,1,0,0,0,0,0,0,0,0,0,9.0,0,16.7,16.7,inf,0,inf,0,1.5,6.0,50.0,1.0,2.2,inf,-9.5,-0.6,-5.3,0.1
B Kumar,B Kumar,Right hand,Right arm pace,1,0,0,0.0,1,0,0,0,0,1,1,0,0,0,0,0,0,0,0,1.0,100.0,0.0,0.0,,0.0,0.0,,0.0,0.0,1.0,0.0,100.0,,inf,inf,1,25,2,2,2,0,12,1,0,1,5,0,0,0,0,0,0,0,0,0,12.5,0,41.7,33.3,inf,0,inf,0,2.1,3.0,30.8,1.7,0.0,inf,-13.5,-1.0,10.7,0.7
VR Iyer,VR Iyer,Left hand,Right arm pace,1,1,0,100.0,1,52,10,4,3,3,26,0,0,0,0,0,0,0,0,0.1,40.7,200.0,0.0,inf,52.0,0.0,100.0,26.9,2.0,26.0,0.0,100.0,2.0,inf,3.7,0,0,0,0,0,0,0,0,0,0,0,0,0,0,0,0,0,0,0,0,,0,,,,0,,0,,,,0.0,12.0,,38.5,1.0,-14.3,
T Natarajan,T Natarajan,Left hand,Left arm pace,1,0,0,0.0,0,0,0,0,0,0,0,0,0,0,0,0,0,0,0,,,,0.0,,,0.0,,,,,0.0,,,,,1,29,5,4,1,0,12,2,0,2,2,0,0,0,0,0,0,0,0,0,14.5,0,16.7,41.7,inf,0,inf,0,2.4,2.4,21.4,1.0,,inf,-13.5,,14.7,1.0
SS Iyer,SS Iyer,Right hand,Right arm leg break,1,1,0,100.0,1,6,2,1,0,0,3,0,0,0,0,0,0,0,0,0.0,66.7,200.0,0.0,inf,6.0,0.0,100.0,33.3,2.0,3.0,0.0,100.0,1.0,inf,3.0,0,0,0,0,0,0,0,0,0,0,0,0,0,0,0,0,0,0,0,0,,0,,,,0,,0,,,,0.0,12.0,,-7.5,1.0,-14.3,
BA King,BA King,Right hand,,2,2,0,100.0,2,80,18,4,7,19,50,2,0,0,0,2,0,0,0,0.4,42.0,160.0,3.25,40.0,40.0,4.0,90.0,22.0,1.6,25.0,3.0,88.0,5.5,25.0,4.5,0,0,0,0,0,0,0,0,0,0,0,0,0,0,0,0,0,1,0,0,,0,,,,0,,0,,,,0.0,9.6,,66.5,0.6,-14.3,
J Charles,J Charles,Right hand,,2,2,0,100.0,2,76,4,9,6,16,35,2,0,0,0,2,0,0,0,0.5,25.0,217.1,93.8,38.0,38.0,31.0,18.400000000000006,42.9,2.2,17.5,8.5,51.4,1.5,17.5,2.3,0,0,0,0,0,0,0,0,0,0,0,0,0,0,0,0,0,0,0,0,,0,,,,0,,0,,,,0.0,13.0,,62.5,1.2,-14.3,
L Ngidi,L Ngidi,Right hand,Right arm pace,1,0,0,0.0,0,0,0,0,0,0,0,0,0,0,0,0,0,0,0,,,,0.0,,,0.0,,,,,0.0,,,,,1,41,5,3,3,2,24,0,0,0,10,0,0,0,2,0,0,0,0,0,10.2,0,41.7,25.0,20.5,0,12.0,0,1.7,4.0,29.2,2.0,,20.5,-13.5,,26.7,0.3
BC Fortuin,BC Fortuin,Right hand,Left arm orthodox,2,0,0,0.0,2,11,7,1,0,5,14,0,0,0,0,0,0,0,0,0.4,36.8,78.6,12.5,inf,5.5,3.5,36.4,7.1,0.8,7.0,5.0,28.599999999999994,14.0,inf,14.0,2,46,15,1,4,1,36,1,0,1,15,0,0,0,1,0,0,0,0,0,7.7,0,41.7,13.9,46.0,0,36.0,0,1.3,7.2,45.9,1.7,4.7,46.0,-2.5,-0.2,31.7,-0.1
A Nortje,A Nortje,Right hand,Right arm pace,2,0,0,0.0,0,0,0,0,0,0,0,0,0,0,0,0,0,0,0,,,,0.0,,,0.0,,,,,0.0,,,,,2,73,7,12,2,0,36,0,0,0,12,0,0,0,0,0,0,0,0,0,12.2,0,33.3,38.9,inf,0,inf,0,2.0,2.6,30.6,1.1,,inf,-13.5,,58.7,0.6
RD Rickelton,RD Rickelton,Left hand,,2,0,0,0.0,2,37,15,5,0,8,31,2,0,0,0,2,0,0,0,0.3,54.8,119.4,8.4,18.5,18.5,0.5,97.3,16.1,1.2,15.5,1.5,90.3,4.5,15.5,6.2,0,0,0,0,0,0,0,0,0,0,0,0,0,0,0,0,0,2,0,0,,0,,,,0,,0,,,,0.0,7.2,,23.5,0.2,-14.3,
KR Mayers,KR Mayers,Left hand,Right arm pace,2,2,0,100.0,2,68,16,2,7,12,39,1,0,0,0,1,0,0,0,0.3,39.0,174.4,21.74,68.0,34.0,2.0,94.1,23.1,1.7,19.5,3.5,82.1,6.0,39.0,4.3,1,9,1,0,1,0,6,0,0,0,3,0,0,0,0,0,0,2,0,0,9.0,0,50.0,16.7,inf,0,inf,0,1.5,6.0,0.0,3.0,10.5,inf,54.5,0.7,-5.3,0.1
N Peter,N Peter,,,2,0,0,0.0,1,10,4,1,0,1,7,0,0,0,0,0,0,0,0,0.1,71.4,142.9,0.0,inf,10.0,0.0,100.0,14.3,1.4,7.0,0.0,100.0,4.0,inf,7.0,2,59,22,1,4,3,36,7,1,6,9,0,0,0,3,0,0,0,0,0,9.8,0,25.0,13.9,19.67,0,12.0,0,1.6,7.2,51.3,1.1,8.6,19.7,-3.5,0.4,44.7,0.2
PWA Mulder,PWA Mulder,Right hand,Right arm pace,2,0,0,0.0,2,45,13,4,1,12,36,2,0,0,0,2,0,0,0,0.3,35.1,125.0,8.03,22.5,22.5,13.5,40.0,13.9,1.2,18.0,10.0,44.4,8.0,18.0,7.2,2,23,2,3,1,0,12,1,0,1,4,0,0,0,0,0,0,1,0,0,11.5,0,33.3,33.3,inf,0,inf,0,1.9,3.0,30.8,2.5,7.5,inf,31.5,0.2,8.7,0.5
RL Chase,RL Chase,Right hand,Right arm off break,1,1,0,100.0,1,67,17,7,2,7,38,0,0,0,0,0,0,0,0,0.2,43.6,176.3,0.0,inf,67.0,0.0,100.0,23.7,1.8,38.0,0.0,100.0,3.0,inf,4.2,1,26,10,3,0,1,24,2,2,0,11,1,0,0,0,0,0,0,0,0,6.5,0,45.8,12.5,26.0,0,24.0,0,1.1,8.0,50.0,2.2,10.6,26.0,53.5,0.8,11.7,-0.3
AL Phehlukwayo,AL Phehlukwayo,Left hand,Right arm pace,1,0,0,0.0,1,3,3,0,0,2,6,1,0,0,0,1,0,0,0,0.3,83.3,50.0,0.0,3.0,3.0,0.0,100.0,0.0,0.5,6.0,0.0,100.0,,6.0,inf,1,51,7,2,6,2,18,0,0,0,3,0,1,0,1,0,0,0,0,0,17.0,0,16.7,44.4,25.5,0,9.0,0,2.8,2.2,44.4,1.5,3.0,25.5,-10.5,-0.5,36.7,1.4
ADS Fletcher,ADS Fletcher,Right hand,Right arm pace,2,2,0,100.0,1,29,11,1,2,3,18,1,0,1,0,0,0,0,0,0.2,47.4,161.1,0.0,29.0,29.0,0.0,100.0,16.7,1.6,18.0,0.0,100.0,11.0,18.0,6.0,0,0,0,0,0,0,0,0,0,0,0,0,0,0,0,0,0,1,1,0,,0,,,,0,,0,,,,0.0,9.7,,15.5,0.6,-14.3,
R Shepherd,R Shepherd,Right hand,Right arm pace,1,1,0,100.0,1,26,4,1,3,4,13,1,0,0,0,1,0,0,0,0.3,42.9,200.0,0.0,26.0,26.0,0.0,100.0,30.8,2.0,13.0,0.0,100.0,5.0,13.0,3.2,1,23,12,1,0,1,24,3,0,3,7,0,0,0,1,0,0,0,0,0,5.8,0,29.2,4.2,23.0,0,24.0,0,1.0,24.0,59.3,1.3,12.0,23.0,12.5,1.0,8.7,-0.4
RR Hendricks,RR Hendricks,Right hand,Right arm off break,2,0,0,0.0,2,40,6,3,3,9,24,2,1,0,0,1,0,0,0,0.4,16.0,166.7,44.44,20.0,20.0,14.0,30.0,25.0,1.7,12.0,6.0,50.0,4.5,12.0,4.0,1,29,6,0,3,0,17,1,0,1,5,0,0,0,0,0,0,1,0,0,10.2,0,29.4,17.6,inf,0,inf,0,1.7,5.7,33.3,1.5,10.0,inf,26.5,0.7,14.7,0.3
FA Allen,FA Allen,Right hand,Left arm orthodox,2,2,0,100.0,1,0,0,0,0,1,1,1,0,0,0,1,0,0,0,1.0,0.0,0.0,0.0,0.0,0.0,0.0,,0.0,0.0,1.0,0.0,100.0,,1.0,inf,2,30,12,3,0,0,24,0,0,0,6,0,0,0,0,0,0,0,0,0,7.5,0,25.0,12.5,inf,0,inf,0,1.2,8.0,58.3,1.5,0.0,inf,-13.5,-1.0,15.7,-0.2
MP Breetzke,MP Breetzke,Right hand,,2,0,0,0.0,2,17,11,0,0,9,23,2,0,0,0,1,0,1,0,0.4,56.5,73.9,1.78,8.5,8.5,3.5,58.8,0.0,0.7,11.5,4.5,60.9,,11.5,inf,0,0,0,0,0,0,0,0,0,0,0,0,0,0,0,0,0,2,0,0,,0,,,,0,,0,,,,0.0,4.4,,3.5,-0.3,-14.3,
AJ Hosein,AJ Hosein,Left hand,Left arm orthodox,2,2,0,100.0,1,0,0,0,0,1,1,1,0,0,0,1,0,0,0,1.0,0.0,0.0,0.0,0.0,0.0,0.0,,0.0,0.0,1.0,0.0,100.0,,1.0,inf,2,76,22,5,2,1,42,14,1,13,10,1,0,0,0,0,0,2,0,0,10.9,0,23.8,16.7,76.0,0,42.0,0,1.8,6.0,45.8,1.1,0.0,76.0,-13.5,-1.0,61.7,0.4
Q de Kock,Q de Kock,Left hand,,2,0,0,0.0,2,60,8,7,4,16,35,2,1,1,0,0,0,0,0,0.5,29.7,171.4,67.81,30.0,30.0,11.0,63.3,31.4,1.7,17.5,0.5,97.1,3.5,17.5,3.2,0,0,0,0,0,0,0,0,0,0,0,0,0,0,0,0,0,2,0,0,,0,,,,0,,0,,,,0.0,10.3,,46.5,0.7,-14.3,
G Motie,G Motie,Left hand,Left arm orthodox,2,2,0,100.0,1,2,0,0,0,1,2,0,0,0,0,0,0,0,0,0.5,50.0,100.0,0.0,inf,2.0,0.0,100.0,0.0,1.0,2.0,0.0,100.0,,inf,inf,2,43,17,0,3,5,42,0,0,0,16,0,1,0,4,0,0,1,0,0,6.1,0,38.1,7.1,8.6,0,8.4,0,1.0,14.0,45.2,2.0,6.0,8.6,-11.5,-0.0,28.7,-0.4
OC McCoy,OC McCoy,Left hand,Left arm pace,2,2,0,100.0,0,0,0,0,0,0,0,0,0,0,0,0,0,0,0,,,,0.0,,,0.0,,,,,0.0,,,,,2,71,12,5,6,3,36,1,0,1,11,0,0,0,3,0,0,0,0,0,11.8,0,30.6,30.6,23.67,0,12.0,0,2.0,3.3,35.1,1.3,,23.7,-13.5,,56.7,0.6
S Joseph,S Joseph,,,2,2,0,100.0,0,0,0,0,0,0,0,0,0,0,0,0,0,0,0,,,,0.0,,,0.0,,,,,0.0,,,,,2,47,8,6,2,2,30,3,0,3,11,0,0,0,2,0,0,2,1,0,9.4,0,36.7,26.7,23.5,0,15.0,0,1.6,3.8,30.3,1.6,,23.5,-13.5,,32.7,0.2
HE van der Dussen,HE van der Dussen,Right hand,Right arm leg break,2,0,0,0.0,2,81,25,1,7,14,53,2,0,0,0,2,0,0,0,0.3,50.9,152.8,14.08,40.5,40.5,10.5,74.1,15.1,1.5,26.5,4.5,83.0,12.0,26.5,6.6,0,0,0,0,0,0,0,0,0,0,0,0,0,0,0,0,0,0,0,0,,0,,,,0,,0,,,,0.0,9.2,,67.5,0.5,-14.3,
Taranjeet Singh,Taranjeet Singh,Right hand,Right arm off break,2,1,0,50.0,2,90,16,14,2,16,51,2,0,0,0,2,0,0,0,0.3,29.6,176.5,30.0,45.0,45.0,17.0,62.2,31.4,1.8,25.5,5.5,78.4,2.5,25.5,3.2,2,51,17,4,2,0,36,2,0,2,10,0,0,0,0,0,0,2,0,0,8.5,0,27.8,16.7,inf,0,inf,0,1.4,6.0,44.7,1.1,10.6,inf,76.5,0.8,36.7,0.0
A Rajshekara,A Rajshekara,,,2,1,0,50.0,2,72,22,6,3,30,66,2,0,0,0,2,0,0,0,0.5,32.4,109.1,13.69,36.0,36.0,14.0,61.1,13.6,1.1,33.0,9.0,72.7,8.5,33.0,7.3,0,0,0,0,0,0,0,0,0,0,0,0,0,0,0,0,0,0,0,0,,0,,,,0,,0,,,,0.0,6.5,,58.5,0.1,-14.3,
L Bruce,L Bruce,Right hand,Right arm pace,1,1,0,100.0,1,71,21,8,1,17,54,0,0,0,0,0,0,0,0,0.3,37.3,131.5,0.0,inf,71.0,0.0,100.0,16.7,1.3,54.0,0.0,100.0,5.0,inf,6.0,1,30,11,3,0,0,24,1,0,1,6,0,0,0,0,0,0,1,0,0,7.5,0,25.0,12.5,inf,0,inf,0,1.2,8.0,56.0,1.2,7.9,inf,57.5,0.3,15.7,-0.2
A Reyes,A Reyes,Right hand,Right arm pace,1,1,0,100.0,1,4,0,1,0,4,5,1,0,0,0,1,0,0,0,0.8,20.0,80.0,0.0,4.0,4.0,0.0,100.0,20.0,0.8,5.0,0.0,100.0,4.0,5.0,5.0,1,32,11,2,1,1,24,5,0,5,9,0,0,0,1,0,0,0,0,0,8.0,0,37.5,12.5,32.0,0,24.0,0,1.3,8.0,46.4,1.8,4.8,32.0,-9.5,-0.2,17.7,-0.1
S Bodha,S Bodha,,,1,1,0,100.0,0,0,0,0,0,0,0,0,0,0,0,0,0,0,0,,,,0.0,,,0.0,,,,,0.0,,,,,1,16,8,1,0,5,24,2,0,2,14,1,1,0,3,0,0,0,0,0,4.0,0,58.3,4.2,3.2,0,4.8,0,0.7,24.0,20.0,2.3,,3.2,-13.5,,1.7,-0.7
IDM Latin,IDM Latin,Right hand,Right arm leg break,1,1,0,100.0,1,3,1,0,0,1,3,1,0,0,0,1,0,0,0,0.3,33.3,100.0,0.0,3.0,3.0,0.0,100.0,0.0,1.0,3.0,0.0,100.0,,3.0,inf,0,0,0,0,0,0,0,0,0,0,0,0,0,0,0,0,0,2,0,0,,0,,,,0,,0,,,,0.0,6.0,,-10.5,-0.0,-14.3,
Muhammad Moiz,Muhammad Moiz,,,2,1,0,50.0,2,12,0,0,2,5,7,2,1,0,0,0,0,0,1,0.7,12.5,171.4,150.0,6.0,6.0,6.0,0.0,28.6,1.7,3.5,0.5,85.7,1.0,3.5,3.5,1,15,4,1,0,1,18,5,0,5,9,1,0,0,0,0,0,2,0,0,5.0,0,50.0,5.6,15.0,0,18.0,0,0.8,18.0,47.6,4.0,10.3,15.0,-1.5,0.7,0.7,-0.6
K Mirpuri,K Mirpuri,Right hand,Right arm off break,1,1,0,100.0,0,0,0,0,0,0,0,0,0,0,0,0,0,0,0,,,,0.0,,,0.0,,,,,0.0,,,,,1,29,7,3,1,1,24,4,0,4,13,0,0,0,1,0,0,1,0,0,7.2,0,54.2,16.7,29.0,0,24.0,0,1.2,6.0,30.8,2.2,,29.0,-13.5,,14.7,-0.2
V Saini,V Saini,Right hand,Right arm pace,2,1,0,50.0,2,50,18,7,0,5,33,2,0,0,0,2,0,0,0,0.2,50.0,151.5,15.08,25.0,25.0,20.0,20.0,21.2,1.5,16.5,12.5,24.200000000000003,6.5,16.5,4.7,1,25,9,3,0,1,24,0,0,0,10,0,0,0,1,0,0,2,0,0,6.2,0,41.7,12.5,25.0,0,24.0,0,1.0,8.0,41.7,1.4,9.1,25.0,36.5,0.5,10.7,-0.4
S Periyalwar,S Periyalwar,Right hand,Right arm pace,1,0,0,0.0,1,0,0,0,0,1,1,1,0,0,0,1,0,0,0,1.0,0.0,0.0,0.0,0.0,0.0,0.0,,0.0,0.0,1.0,0.0,100.0,,1.0,inf,0,0,0,0,0,0,0,0,0,0,0,0,0,0,0,0,0,0,0,0,,0,,,,0,,0,,,,0.0,0.0,,-13.5,-1.0,-14.3,
J Marples,J Marples,Right hand,,1,1,0,100.0,0,0,0,0,0,0,0,0,0,0,0,0,0,0,0,,,,0.0,,,0.0,,,,,0.0,,,,,0,0,0,0,0,0,0,0,0,0,0,0,0,0,0,0,0,2,0,0,,0,,,,0,,0,,,,0.0,,,-13.5,,-14.3,
Asif Bevinje,Asif Bevinje,Right hand,Right arm pace,2,1,0,50.0,2,26,8,4,0,11,25,2,0,0,0,2,0,0,0,0.4,38.5,104.0,59.09,13.0,13.0,13.0,0.0,16.0,1.0,12.5,9.5,24.0,5.0,12.5,6.2,2,33,10,2,1,1,35,3,0,3,17,0,0,0,1,0,0,0,1,0,5.7,0,48.6,8.6,33.0,0,35.0,0,0.9,11.7,39.5,2.1,6.2,33.0,12.5,-0.0,18.7,-0.5
S Vashisht,S Vashisht,Right hand,Right arm pace,2,1,0,50.0,1,3,3,0,0,3,6,1,0,1,0,0,0,0,0,0.5,33.3,50.0,0.0,3.0,3.0,0.0,100.0,0.0,0.5,6.0,0.0,100.0,,6.0,inf,1,29,3,2,2,0,12,2,0,2,3,0,0,0,0,0,0,1,1,0,14.5,0,25.0,33.3,inf,0,inf,0,2.4,3.0,21.4,1.0,3.0,inf,-10.5,-0.5,14.7,1.0
S Nadigotla,S Nadigotla,Right hand,Right arm off break,2,1,0,50.0,2,32,12,3,1,7,24,2,0,0,0,2,0,0,0,0.3,44.4,133.3,8.42,16.0,16.0,10.0,37.5,16.7,1.3,12.0,7.0,41.7,2.0,12.0,6.0,0,0,0,0,0,0,0,0,0,0,0,0,0,0,0,0,0,1,0,0,,0,,,,0,,0,,,,0.0,8.0,,18.5,0.3,-14.3,
M Gouws,M Gouws,,,1,1,0,100.0,0,0,0,0,0,0,0,0,0,0,0,0,0,0,0,,,,0.0,,,0.0,,,,,0.0,,,,,1,16,1,1,1,0,6,5,0,5,3,0,0,0,0,0,0,0,0,0,16.0,0,50.0,33.3,inf,0,inf,0,2.7,3.0,14.3,1.5,,inf,-13.5,,1.7,1.3
M Whelan,M Whelan,,,1,1,0,100.0,0,0,0,0,0,0,0,0,0,0,0,0,0,0,0,,,,0.0,,,0.0,,,,,0.0,,,,,1,44,5,2,4,1,18,3,0,3,5,0,0,0,1,0,0,0,0,0,14.7,0,27.8,33.3,44.0,0,18.0,0,2.4,3.0,15.0,1.2,,44.0,-13.5,,29.7,1.0
KA Vimlesh,KA Vimlesh,,,2,1,0,50.0,2,9,5,0,0,4,12,0,0,0,0,0,0,0,0,0.3,50.0,75.0,15.0,inf,4.5,2.5,44.4,0.0,0.8,6.0,4.0,33.3,,inf,inf,0,0,0,0,0,0,0,0,0,0,0,0,0,0,0,0,0,1,0,0,,0,,,,0,,0,,,,0.0,4.5,,-4.5,-0.2,-14.3,
R Athapaththu,R Athapaththu,,,2,1,0,50.0,1,28,4,1,3,3,12,0,0,0,0,0,0,0,0,0.2,25.0,233.3,0.0,inf,28.0,0.0,100.0,33.3,2.3,12.0,0.0,100.0,8.0,inf,3.0,2,72,17,6,1,4,48,15,0,15,19,0,1,0,3,0,0,0,0,0,9.0,0,39.6,14.6,18.0,0,12.0,0,1.5,6.9,30.2,2.4,14.0,18.0,14.5,1.3,57.7,0.1
C Pyle,C Pyle,,,1,1,0,100.0,1,47,21,4,1,14,42,1,0,0,0,1,0,0,0,0.3,46.7,111.9,0.0,47.0,47.0,0.0,100.0,11.9,1.1,42.0,0.0,100.0,6.0,42.0,8.4,0,0,0,0,0,0,0,0,0,0,0,0,0,0,0,0,0,0,0,0,,0,,,,0,,0,,,,0.0,6.7,,33.5,0.1,-14.3,
H Pile,H Pile,,,1,1,0,100.0,1,2,0,0,0,5,6,1,0,0,0,1,0,0,0,0.8,16.7,33.3,0.0,2.0,2.0,0.0,100.0,0.0,0.3,6.0,0.0,100.0,,6.0,inf,0,0,0,0,0,0,0,0,0,0,0,0,0,0,0,0,0,0,0,0,,0,,,,0,,0,,,,0.0,2.0,,-11.5,-0.7,-14.3,
M Koli,M Koli,,,2,1,0,50.0,0,0,0,0,0,0,0,0,0,0,0,0,0,0,0,,,,0.0,,,0.0,,,,,0.0,,,,,2,26,11,3,0,4,48,1,0,1,31,0,0,0,3,0,1,0,0,0,3.2,0,64.6,6.2,6.5,0,12.0,0,0.5,16.0,22.4,2.5,,6.5,-13.5,,11.7,-0.9
JA Fitzgerald,JA Fitzgerald,Right hand,Right arm pace,1,1,0,100.0,1,20,2,1,2,3,10,0,0,0,0,0,0,0,0,0.3,33.3,200.0,0.0,inf,20.0,0.0,100.0,30.0,2.0,10.0,0.0,100.0,10.0,inf,3.3,0,0,0,0,0,0,0,0,0,0,0,0,0,0,0,0,0,0,0,0,,0,,,,0,,0,,,,0.0,12.0,,6.5,1.0,-14.3,
Danyal Raja,Danyal Raja,,,1,0,0,0.0,1,1,1,0,0,1,2,1,0,0,0,1,0,0,0,0.5,0.0,50.0,0.0,1.0,1.0,0.0,100.0,0.0,0.5,2.0,0.0,100.0,,2.0,inf,1,36,4,5,1,0,24,2,0,2,10,0,0,0,0,0,0,0,0,0,9.0,0,41.7,25.0,inf,0,inf,0,1.5,4.0,23.1,3.0,3.0,inf,-12.5,-0.5,21.7,0.1
M Gogev,M Gogev,,,1,0,0,0.0,1,0,0,0,0,2,2,1,0,1,0,0,0,0,0,1.0,0.0,0.0,0.0,0.0,0.0,0.0,,0.0,0.0,2.0,0.0,100.0,,2.0,inf,1,39,8,5,1,2,24,1,0,1,8,0,0,0,2,0,0,1,0,0,9.8,0,33.3,25.0,19.5,0,12.0,0,1.6,4.0,24.0,1.1,0.0,19.5,-13.5,-1.0,24.7,0.2
Waleed Waqar,Waleed Waqar,,,1,0,0,0.0,0,0,0,0,0,0,0,0,0,0,0,0,0,0,0,,,,0.0,,,0.0,,,,,0.0,,,,,1,26,4,5,0,1,12,0,0,0,2,0,0,0,1,0,0,1,0,0,13.0,0,16.7,41.7,26.0,0,12.0,0,2.2,2.4,25.0,1.0,,26.0,-13.5,,11.7,0.8
P Mishra,P Mishra,Right hand,Right arm pace,1,0,0,0.0,1,25,7,1,2,5,17,1,1,0,0,0,0,0,0,0.3,42.1,147.1,0.0,25.0,25.0,0.0,100.0,17.6,1.5,17.0,0.0,100.0,7.0,17.0,5.7,1,17,8,2,0,0,12,1,0,1,2,0,0,0,0,0,0,0,0,0,8.5,0,16.7,16.7,inf,0,inf,0,1.4,6.0,76.9,1.0,8.8,inf,11.5,0.5,2.7,0.0
Isa Zaroo,Isa Zaroo,,,1,0,0,0.0,1,20,10,2,0,15,29,1,0,1,0,0,0,0,0,0.5,34.5,69.0,0.0,20.0,20.0,0.0,100.0,6.9,0.7,29.0,0.0,100.0,7.0,29.0,14.5,1,28,8,1,2,2,18,0,0,0,5,0,0,0,1,0,1,1,0,0,9.3,0,27.8,16.7,14.0,0,9.0,0,1.6,6.0,38.9,1.7,4.1,14.0,6.5,-0.3,13.7,0.2
Gagandeep Singh,Gagandeep Singh,Right hand,Right arm pace,1,0,0,0.0,1,0,0,0,0,1,1,1,0,0,0,0,0,1,0,1.0,100.0,0.0,0.0,0.0,0.0,0.0,,0.0,0.0,1.0,0.0,100.0,,1.0,inf,1,27,8,4,0,0,18,3,0,3,6,0,0,0,0,0,0,1,0,0,9.0,0,33.3,22.2,inf,0,inf,0,1.5,4.5,47.6,2.0,0.0,inf,-13.5,-1.0,12.7,0.1
Firas Hussain,Firas Hussain,,,1,0,0,0.0,1,0,0,0,0,2,2,1,0,0,0,1,0,0,0,1.0,0.0,0.0,0.0,0.0,0.0,0.0,,0.0,0.0,2.0,0.0,100.0,,2.0,inf,1,15,5,2,0,1,12,0,0,0,3,0,0,0,1,0,0,0,0,0,7.5,0,25.0,16.7,15.0,0,12.0,0,1.2,6.0,58.3,1.3,0.0,15.0,-13.5,-1.0,0.7,-0.2
Manan Bashir,Manan Bashir,,,1,0,0,0.0,1,1,1,0,0,4,5,1,0,0,0,1,0,0,0,0.8,20.0,20.0,0.0,1.0,1.0,0.0,100.0,0.0,0.2,5.0,0.0,100.0,,5.0,inf,0,0,0,0,0,0,0,0,0,0,0,0,0,0,0,0,0,1,0,0,,0,,,,0,,0,,,,0.0,1.2,,-12.5,-0.8,-14.3,
Ijaz Hussain,Ijaz Hussain,Right hand,Right arm pace,1,1,0,100.0,1,6,0,1,0,1,3,0,0,0,0,0,0,0,0,0.3,33.3,200.0,0.0,inf,6.0,0.0,100.0,33.3,2.0,3.0,0.0,100.0,1.0,inf,3.0,1,23,9,0,2,2,18,2,0,2,7,0,1,0,1,0,0,0,0,0,7.7,0,38.9,11.1,11.5,0,9.0,0,1.3,9.0,40.0,1.8,12.0,11.5,-7.5,1.0,8.7,-0.1
D Nikolov,D Nikolov,Right hand,Right arm pace,1,0,0,0.0,1,0,0,0,0,1,1,1,0,0,0,0,0,0,1,1.0,0.0,0.0,0.0,0.0,0.0,0.0,,0.0,0.0,1.0,0.0,100.0,,1.0,inf,0,0,0,0,0,0,0,0,0,0,0,0,0,0,0,0,0,0,0,0,,0,,,,0,,0,,,,0.0,0.0,,-13.5,-1.0,-14.3,
Zaid Soulat,Zaid Soulat,,,1,0,0,0.0,1,32,10,4,0,24,43,1,0,0,0,1,0,0,0,0.6,21.3,74.4,0.0,32.0,32.0,0.0,100.0,9.3,0.7,43.0,0.0,100.0,17.0,43.0,10.8,0,0,0,0,0,0,0,0,0,0,0,0,0,0,0,0,0,0,0,0,,0,,,,0,,0,,,,0.0,4.5,,18.5,-0.3,-14.3,
Jakob Gul,Jakob Gul,,,1,0,0,0.0,1,18,6,0,2,7,17,1,0,0,0,1,0,0,0,0.4,52.6,105.9,0.0,18.0,18.0,0.0,100.0,11.8,1.1,17.0,0.0,100.0,5.0,17.0,8.5,0,0,0,0,0,0,0,0,0,0,0,0,0,0,0,0,0,0,0,0,,0,,,,0,,0,,,,0.0,6.4,,4.5,0.1,-14.3,
G Scrivens,G Scrivens,Left hand,Right arm off break,1,1,0,100.0,1,21,11,2,0,10,24,1,0,0,0,1,0,0,0,0.4,40.7,87.5,0.0,21.0,21.0,0.0,100.0,8.3,0.9,24.0,0.0,100.0,10.0,24.0,12.0,0,0,0,0,0,0,0,0,0,0,0,0,0,0,0,0,0,0,0,0,,0,,,,0,,0,,,,0.0,5.2,,7.5,-0.1,-14.3,
J Gardner,J Gardner,Right hand,Right arm off break,1,1,0,100.0,1,42,11,3,1,18,39,1,0,0,0,1,0,0,0,0.5,30.8,107.7,0.0,42.0,42.0,0.0,100.0,10.3,1.1,39.0,0.0,100.0,13.0,39.0,9.8,1,13,6,1,0,0,12,1,0,1,4,0,0,0,0,0,0,1,0,0,6.5,0,33.3,8.3,inf,0,inf,0,1.1,12.0,46.2,1.3,6.5,inf,28.5,0.1,-1.3,-0.3
FR Davies,FR Davies,Right hand,Right arm pace,1,0,0,0.0,0,0,0,0,0,0,0,0,0,0,0,0,0,0,0,,,,0.0,,,0.0,,,,,0.0,,,,,1,22,4,2,0,3,24,3,0,3,15,1,0,0,2,0,0,0,0,0,5.5,0,62.5,8.3,7.33,0,8.0,0,0.9,12.0,25.9,2.1,,7.3,-13.5,,7.7,-0.5
LCN Smith,LCN Smith,Left hand,Left arm orthodox,1,0,0,0.0,0,0,0,0,0,0,0,0,0,0,0,0,0,0,0,,,,0.0,,,0.0,,,,,0.0,,,,,1,20,10,1,0,0,24,0,0,0,10,0,0,0,0,0,0,0,0,0,5.0,0,41.7,4.2,inf,0,inf,0,0.8,24.0,33.3,2.5,,inf,-13.5,,5.7,-0.6
MLL Taylor,MLL Taylor,,,1,0,0,0.0,0,0,0,0,0,0,0,0,0,0,0,0,0,0,0,,,,0.0,,,0.0,,,,,0.0,,,,,1,34,12,3,0,0,24,0,0,0,4,0,0,0,0,0,0,0,0,0,8.5,0,16.7,12.5,inf,0,inf,0,1.4,8.0,50.0,1.0,,inf,-13.5,,19.7,0.0
GL Adams,GL Adams,Right hand,Right arm pace,1,0,0,0.0,1,11,7,1,0,8,16,1,0,1,0,0,0,0,0,0.5,37.5,68.8,0.0,11.0,11.0,0.0,100.0,6.2,0.7,16.0,0.0,100.0,10.0,16.0,16.0,1,40,13,3,1,0,24,0,0,0,3,0,0,0,0,0,0,1,0,0,10.0,0,12.5,16.7,inf,0,inf,0,1.7,6.0,54.2,1.0,4.1,inf,-2.5,-0.3,25.7,0.3
CR Knott,CR Knott,Right hand,Right arm off break,1,0,0,0.0,1,50,12,6,0,16,41,1,1,0,0,0,0,0,0,0.4,28.6,122.0,0.0,50.0,50.0,0.0,100.0,14.6,1.2,41.0,0.0,100.0,9.0,41.0,6.8,1,18,10,0,0,1,24,0,0,0,10,0,0,0,1,0,0,2,1,0,4.5,0,41.7,0.0,18.0,0,24.0,0,0.8,inf,41.7,2.0,7.3,18.0,36.5,0.2,3.7,-0.6
CL Griffith,CL Griffith,Right hand,Right arm pace,1,1,0,100.0,1,1,1,0,0,0,1,1,0,0,0,0,0,1,0,0.0,100.0,100.0,0.0,1.0,1.0,0.0,100.0,0.0,1.0,1.0,0.0,100.0,,1.0,inf,0,0,0,0,0,0,0,0,0,0,0,0,0,0,0,0,0,1,0,0,,0,,,,0,,0,,,,0.0,6.0,,-12.5,-0.0,-14.3,
MK Villiers,MK Villiers,Right hand,Right arm off break,1,1,0,100.0,1,34,14,2,0,5,27,0,0,0,0,0,0,0,0,0.2,48.1,125.9,0.0,inf,34.0,0.0,100.0,7.4,1.3,27.0,0.0,100.0,5.0,inf,13.5,1,23,11,1,0,1,24,0,0,0,7,0,0,0,0,1,0,0,0,0,5.8,0,29.2,4.2,23.0,0,24.0,0,1.0,24.0,58.3,1.3,7.6,23.0,20.5,0.3,8.7,-0.4
AJ Macleod,AJ Macleod,Right hand,Right arm off break,1,1,0,100.0,1,0,0,0,0,2,2,1,0,0,0,1,0,0,0,1.0,0.0,0.0,0.0,0.0,0.0,0.0,,0.0,0.0,2.0,0.0,100.0,,2.0,inf,0,0,0,0,0,0,0,0,0,0,0,0,0,0,0,0,0,0,0,0,,0,,,,0,,0,,,,0.0,0.0,,-13.5,-1.0,-14.3,
J Grewcock,J Grewcock,,,1,1,0,100.0,1,22,10,1,0,7,22,1,1,0,0,0,0,0,0,0.3,50.0,100.0,0.0,22.0,22.0,0.0,100.0,4.5,1.0,22.0,0.0,100.0,17.0,22.0,22.0,1,23,7,3,0,0,18,0,0,0,6,0,0,0,0,0,0,0,0,0,7.7,0,33.3,16.7,inf,0,inf,0,1.3,6.0,44.4,1.2,6.0,inf,8.5,-0.0,8.7,-0.1
F Miller,F Miller,,,1,1,0,100.0,1,11,2,1,0,0,5,0,0,0,0,0,0,0,0,0.0,40.0,220.0,0.0,inf,11.0,0.0,100.0,20.0,2.2,5.0,0.0,100.0,3.0,inf,5.0,0,0,0,0,0,0,0,0,0,0,0,0,0,0,0,0,0,0,0,0,,0,,,,0,,0,,,,0.0,13.2,,-2.5,1.2,-14.3,
GA Elwiss,GA Elwiss,Right hand,Right arm pace,1,0,0,0.0,1,33,17,3,0,14,37,1,0,0,0,1,0,0,0,0.4,48.7,89.2,0.0,33.0,33.0,0.0,100.0,8.1,0.9,37.0,0.0,100.0,8.0,37.0,12.3,0,0,0,0,0,0,0,0,0,0,0,0,0,0,0,0,0,0,0,0,,0,,,,0,,0,,,,0.0,5.4,,19.5,-0.1,-14.3,
NM Hancock,NM Hancock,Right hand,Right arm pace,1,1,0,100.0,0,0,0,0,0,0,0,0,0,0,0,0,0,0,0,,,,0.0,,,0.0,,,,,0.0,,,,,1,25,6,4,0,0,18,1,0,1,7,0,0,0,0,0,0,0,0,0,8.3,0,38.9,22.2,inf,0,inf,0,1.4,4.5,21.1,1.4,,inf,-13.5,,10.7,0.0
S Munro,S Munro,Right hand,Right arm pace,1,1,0,100.0,0,0,0,0,0,0,0,0,0,0,0,0,0,0,0,,,,0.0,,,0.0,,,,,0.0,,,,,1,27,9,2,0,4,24,4,0,4,9,1,0,0,2,1,0,0,0,0,6.8,0,37.5,8.3,6.75,0,6.0,0,1.1,12.0,22.2,1.4,,6.8,-13.5,,12.7,-0.3
E Gray,E Gray,Right hand,Right arm pace,1,1,0,100.0,0,0,0,0,0,0,0,0,0,0,0,0,0,0,0,,,,0.0,,,0.0,,,,,0.0,,,,,1,16,8,0,0,1,24,0,0,0,10,0,1,0,0,0,0,0,0,0,4.0,0,41.7,0.0,16.0,0,24.0,0,0.7,inf,50.0,1.7,,16.0,-13.5,,1.7,-0.7
FG Kemp,FG Kemp,,,1,0,0,0.0,1,2,2,0,0,2,4,1,0,0,0,1,0,0,0,0.5,75.0,50.0,0.0,2.0,2.0,0.0,100.0,0.0,0.5,4.0,0.0,100.0,,4.0,inf,0,0,0,0,0,0,0,0,0,0,0,0,0,0,0,0,0,0,0,0,,0,,,,0,,0,,,,0.0,3.0,,-11.5,-0.5,-14.3,
N Harman,N Harman,Right hand,Right arm leg break,1,0,0,0.0,1,10,6,0,0,1,9,0,0,0,0,0,0,0,0,0.1,50.0,111.1,0.0,inf,10.0,0.0,100.0,0.0,1.1,9.0,0.0,100.0,,inf,inf,0,0,0,0,0,0,0,0,0,0,0,0,0,0,0,0,0,0,0,0,,0,,,,0,,0,,,,0.0,6.7,,-3.5,0.1,-14.3,
E Windsor,E Windsor,Right hand,Right arm pace,1,0,0,0.0,1,10,2,1,0,2,7,1,0,0,0,0,1,0,0,0.3,28.6,142.9,0.0,10.0,10.0,0.0,100.0,14.3,1.4,7.0,0.0,100.0,5.0,7.0,7.0,0,0,0,0,0,0,0,0,0,0,0,0,0,0,0,0,0,0,0,0,,0,,,,0,,0,,,,0.0,8.6,,-3.5,0.4,-14.3,
AD Carr,AD Carr,Right hand,,1,1,0,100.0,0,0,0,0,0,0,0,0,0,0,0,0,0,0,0,,,,0.0,,,0.0,,,,,0.0,,,,,0,0,0,0,0,0,0,0,0,0,0,0,0,0,0,0,0,0,0,2,,0,,,,0,,0,,,,0.0,,,-13.5,,-14.3,
AZ Monaghan,AZ Monaghan,Right hand,Right arm pace,1,0,0,0.0,1,4,0,0,0,0,3,1,0,0,0,0,1,0,0,0.0,25.0,133.3,0.0,4.0,4.0,0.0,100.0,0.0,1.3,3.0,0.0,100.0,,3.0,inf,0,0,0,0,0,0,0,0,0,0,0,0,0,0,0,0,0,0,0,0,,0,,,,0,,0,,,,0.0,8.0,,-9.5,0.3,-14.3,
R Southby,R Southby,Right hand,,1,0,0,0.0,1,1,1,0,0,0,3,0,0,0,0,0,0,0,0,0.0,66.7,33.3,0.0,inf,1.0,0.0,100.0,0.0,0.3,3.0,0.0,100.0,,inf,inf,0,0,0,0,0,0,0,0,0,0,0,0,0,0,0,0,0,0,0,0,,0,,,,0,,0,,,,0.0,2.0,,-12.5,-0.7,-14.3,
A Griffiths,A Griffiths,Right hand,Right arm pace,1,0,0,0.0,1,0,0,0,0,1,1,1,1,0,0,0,0,0,0,1.0,0.0,0.0,0.0,0.0,0.0,0.0,,0.0,0.0,1.0,0.0,100.0,,1.0,inf,0,0,0,0,0,0,0,0,0,0,0,0,0,0,0,0,0,0,0,0,,0,,,,0,,0,,,,0.0,0.0,,-13.5,-1.0,-14.3,
E Corney,E Corney,,,1,0,0,0.0,1,6,2,1,0,7,10,1,0,0,0,1,0,0,0,0.7,30.0,60.0,0.0,6.0,6.0,0.0,100.0,10.0,0.6,10.0,0.0,100.0,5.0,10.0,10.0,0,0,0,0,0,0,0,0,0,0,0,0,0,0,0,0,0,0,0,0,,0,,,,0,,0,,,,0.0,3.6,,-7.5,-0.4,-14.3,
MR Corteen-Coleman,MR Corteen-Coleman,,,1,0,0,0.0,0,0,0,0,0,0,0,0,0,0,0,0,0,0,0,,,,0.0,,,0.0,,,,,0.0,,,,,1,14,2,3,0,1,12,0,0,0,7,1,0,0,0,0,0,0,0,0,7.0,0,58.3,25.0,14.0,0,12.0,0,1.2,4.0,25.0,2.3,,14.0,-13.5,,-0.3,-0.2
N Holland,N Holland,,,1,0,0,0.0,1,20,8,3,0,7,18,1,0,0,0,0,0,1,0,0.4,31.6,111.1,0.0,20.0,20.0,0.0,100.0,16.7,1.1,18.0,0.0,100.0,7.0,18.0,6.0,0,0,0,0,0,0,0,0,0,0,0,0,0,0,0,0,0,0,0,0,,0,,,,0,,0,,,,0.0,6.7,,6.5,0.1,-14.3,
NE Farrant,NE Farrant,Left hand,Left arm pace,1,0,0,0.0,0,0,0,0,0,0,0,0,0,0,0,0,0,0,0,,,,0.0,,,0.0,,,,,0.0,,,,,1,8,4,1,0,1,12,0,0,0,7,0,0,0,1,0,0,0,0,0,4.0,0,58.3,8.3,8.0,0,12.0,0,0.7,12.0,33.3,3.5,,8.0,-13.5,,-6.3,-0.7
PA Franklin,PA Franklin,Right hand,Right arm pace,1,0,0,0.0,0,0,0,0,0,0,0,0,0,0,0,0,0,0,0,,,,0.0,,,0.0,,,,,0.0,,,,,1,8,3,1,0,0,6,1,0,1,2,0,0,0,0,0,0,1,0,0,8.0,0,33.3,16.7,inf,0,inf,0,1.3,6.0,28.6,1.0,,inf,-13.5,,-6.3,-0.1
NAJ Wraith,NAJ Wraith,Right hand,,1,0,0,0.0,1,10,2,2,0,2,6,0,0,0,0,0,0,0,0,0.3,50.0,166.7,0.0,inf,10.0,0.0,100.0,33.3,1.7,6.0,0.0,100.0,3.0,inf,3.0,0,0,0,0,0,0,0,0,0,0,0,0,0,0,0,0,0,0,0,0,,0,,,,0,,0,,,,0.0,10.0,,-3.5,0.7,-14.3,
R MacDonald-Gay,R MacDonald-Gay,,,1,0,0,0.0,0,0,0,0,0,0,0,0,0,0,0,0,0,0,0,,,,0.0,,,0.0,,,,,0.0,,,,,1,8,4,1,0,0,6,0,0,0,1,0,0,0,0,0,0,0,0,0,8.0,0,16.7,16.7,inf,0,inf,0,1.3,6.0,50.0,1.0,,inf,-13.5,,-6.3,-0.1
PJ Scholfield,PJ Scholfield,Right hand,Right arm pace,1,0,0,0.0,0,0,0,0,0,0,0,0,0,0,0,0,0,0,0,,,,0.0,,,0.0,,,,,0.0,,,,,0,0,0,0,0,0,0,0,0,0,0,0,0,0,0,0,0,0,1,0,,0,,,,0,,0,,,,0.0,,,-13.5,,-14.3,
SN Luff,SN Luff,Right hand,Right arm pace,1,0,0,0.0,1,1,1,0,0,0,1,0,0,0,0,0,0,0,0,0.0,0.0,100.0,0.0,inf,1.0,0.0,100.0,0.0,1.0,1.0,0.0,100.0,,inf,inf,0,0,0,0,0,0,0,0,0,0,0,0,0,0,0,0,0,0,0,0,,0,,,,0,,0,,,,0.0,6.0,,-12.5,-0.0,-14.3,
L Winfield-Hill,L Winfield-Hill,,,1,0,0,0.0,1,5,1,1,0,4,6,1,0,0,0,1,0,0,0,0.7,14.3,83.3,0.0,5.0,5.0,0.0,100.0,16.7,0.8,6.0,0.0,100.0,6.0,6.0,6.0,0,0,0,0,0,0,0,0,0,0,0,0,0,0,0,0,0,0,0,1,,0,,,,0,,0,,,,0.0,5.0,,-8.5,-0.2,-14.3,
L Dobson,L Dobson,,,1,0,0,0.0,1,0,0,0,0,2,2,1,0,0,0,1,0,0,0,1.0,0.0,0.0,0.0,0.0,0.0,0.0,,0.0,0.0,2.0,0.0,100.0,,2.0,inf,0,0,0,0,0,0,0,0,0,0,0,0,0,0,0,0,0,1,0,0,,0,,,,0,,0,,,,0.0,0.0,,-13.5,-1.0,-14.3,
EL Arlott,EL Arlott,Right hand,Right arm pace,1,1,0,100.0,1,5,1,1,0,2,4,1,0,0,0,1,0,0,0,0.5,25.0,125.0,0.0,5.0,5.0,0.0,100.0,25.0,1.2,4.0,0.0,100.0,1.0,4.0,4.0,1,10,3,1,0,2,12,1,0,1,7,0,0,0,2,0,0,1,0,0,5.0,0,58.3,8.3,5.0,0,6.0,0,0.8,12.0,23.1,2.3,7.5,5.0,-8.5,0.2,-4.3,-0.6
C Pavely,C Pavely,,,1,1,0,100.0,1,5,3,0,0,2,7,1,0,0,0,0,0,0,1,0.3,28.6,71.4,0.0,5.0,5.0,0.0,100.0,0.0,0.7,7.0,0.0,100.0,,7.0,inf,0,0,0,0,0,0,0,0,0,0,0,0,0,0,0,0,0,1,0,0,,0,,,,0,,0,,,,0.0,4.3,,-8.5,-0.3,-14.3,
HJ Armitage,HJ Armitage,Right hand,Right arm leg break,1,0,0,0.0,1,0,0,0,0,3,3,1,0,0,0,1,0,0,0,1.0,33.3,0.0,0.0,0.0,0.0,0.0,,0.0,0.0,3.0,0.0,100.0,,3.0,inf,0,0,0,0,0,0,0,0,0,0,0,0,0,0,0,0,0,0,0,0,,0,,,,0,,0,,,,0.0,0.0,,-13.5,-1.0,-14.3,
G Potts,G Potts,Right hand,Right arm pace,1,1,0,100.0,0,0,0,0,0,0,0,0,0,0,0,0,0,0,0,,,,0.0,,,0.0,,,,,0.0,,,,,1,15,3,3,0,3,12,0,0,0,6,1,0,0,2,0,0,0,0,0,7.5,0,50.0,25.0,5.0,0,4.0,0,1.2,4.0,16.7,1.5,,5.0,-13.5,,0.7,-0.2
D Perrin,D Perrin,,,1,1,0,100.0,1,5,1,1,0,1,3,1,1,0,0,0,0,0,0,0.3,0.0,166.7,0.0,5.0,5.0,0.0,100.0,33.3,1.7,3.0,0.0,100.0,1.0,3.0,3.0,0,0,0,0,0,0,0,0,0,0,0,0,0,0,0,0,0,2,0,0,,0,,,,0,,0,,,,0.0,10.0,,-8.5,0.7,-14.3,
EA Burns,EA Burns,Right hand,Right arm off break,1,0,0,0.0,1,30,8,5,0,4,18,1,0,0,0,1,0,0,0,0.2,27.8,166.7,0.0,30.0,30.0,0.0,100.0,27.8,1.7,18.0,0.0,100.0,2.0,18.0,3.6,1,22,6,4,0,2,18,0,0,0,6,0,0,0,1,0,1,0,0,0,7.3,0,33.3,22.2,11.0,0,9.0,0,1.2,4.5,33.3,1.3,10.0,11.0,16.5,0.7,7.7,-0.2
AJ Freeborn,AJ Freeborn,Right hand,,1,1,0,100.0,1,6,2,1,0,2,5,1,0,0,0,0,1,0,0,0.4,40.0,120.0,0.0,6.0,6.0,0.0,100.0,20.0,1.2,5.0,0.0,100.0,2.0,5.0,5.0,0,0,0,0,0,0,0,0,0,0,0,0,0,0,0,0,0,1,0,1,,0,,,,0,,0,,,,0.0,7.2,,-7.5,0.2,-14.3,
BAM Heath,BAM Heath,Right hand,,1,0,0,0.0,1,3,1,0,0,2,4,1,1,0,0,0,0,0,0,0.5,25.0,75.0,0.0,3.0,3.0,0.0,100.0,0.0,0.8,4.0,0.0,100.0,,4.0,inf,0,0,0,0,0,0,0,0,0,0,0,0,0,0,0,0,0,0,0,0,,0,,,,0,,0,,,,0.0,4.5,,-10.5,-0.2,-14.3,
KL George,KL George,Right hand,Left arm pace,1,1,0,100.0,1,9,1,2,0,4,8,1,0,0,0,1,0,0,0,0.5,50.0,112.5,0.0,9.0,9.0,0.0,100.0,25.0,1.1,8.0,0.0,100.0,1.0,8.0,4.0,1,14,4,1,0,1,12,0,0,0,4,1,0,0,0,0,0,0,0,0,7.0,0,33.3,8.3,14.0,0,12.0,0,1.2,12.0,16.7,4.0,6.8,14.0,-4.5,0.1,-0.3,-0.2
SL Kalis,SL Kalis,Right hand,Right arm pace,1,0,0,0.0,1,17,3,2,0,6,14,1,0,0,0,0,1,0,0,0.4,14.3,121.4,0.0,17.0,17.0,0.0,100.0,14.3,1.2,14.0,0.0,100.0,7.0,14.0,7.0,0,0,0,0,0,0,0,0,0,0,0,0,0,0,0,0,0,2,0,0,,0,,,,0,,0,,,,0.0,7.3,,3.5,0.2,-14.3,
HL Baker,HL Baker,Right hand,Right arm leg break,1,1,0,100.0,0,0,0,0,0,0,0,0,0,0,0,0,0,0,0,,,,0.0,,,0.0,,,,,0.0,,,,,1,18,4,3,0,0,12,0,0,0,4,0,0,0,0,0,0,0,0,0,9.0,0,33.3,25.0,inf,0,inf,0,1.5,4.0,33.3,1.3,,inf,-13.5,,3.7,0.1
GK Davis,GK Davis,Right hand,Right arm off break,1,1,0,100.0,1,2,0,0,0,2,3,0,0,0,0,0,0,0,0,0.7,33.3,66.7,0.0,inf,2.0,0.0,100.0,0.0,0.7,3.0,0.0,100.0,,inf,inf,1,23,7,2,1,3,18,2,0,2,8,1,0,0,1,1,0,0,0,0,7.7,0,44.4,16.7,7.67,0,6.0,0,1.3,6.0,25.0,1.3,4.0,7.7,-11.5,-0.3,8.7,-0.1
EK Marlow,EK Marlow,,,1,0,0,0.0,1,7,3,1,0,3,7,1,1,0,0,0,0,0,0,0.4,25.0,100.0,0.0,7.0,7.0,0.0,100.0,14.3,1.0,7.0,0.0,100.0,5.0,7.0,7.0,0,0,0,0,0,0,0,0,0,0,0,0,0,0,0,0,0,0,0,0,,0,,,,0,,0,,,,0.0,6.0,,-6.5,-0.0,-14.3,
K Fraser,K Fraser,Right hand,Right arm off break,1,0,0,0.0,1,12,2,1,1,1,5,0,0,0,0,0,0,0,0,0.2,33.3,240.0,0.0,inf,12.0,0.0,100.0,40.0,2.4,5.0,0.0,100.0,5.0,inf,2.5,1,13,7,0,0,0,12,1,0,1,3,0,0,0,0,0,0,0,0,0,6.5,0,25.0,0.0,inf,0,inf,0,1.1,inf,61.5,1.0,14.4,inf,-1.5,1.4,-1.3,-0.3
GE Hall,GE Hall,,,1,0,0,0.0,1,1,1,0,0,1,2,1,1,0,0,0,0,0,0,0.5,50.0,50.0,0.0,1.0,1.0,0.0,100.0,0.0,0.5,2.0,0.0,100.0,,2.0,inf,1,17,4,3,0,1,12,1,0,1,5,0,0,0,1,0,0,0,0,0,8.5,0,41.7,25.0,17.0,0,12.0,0,1.4,4.0,46.2,1.2,3.0,17.0,-12.5,-0.5,2.7,0.0
KA Levick,KA Levick,Right hand,Right arm leg break,1,0,0,0.0,1,1,1,0,0,2,3,1,0,0,0,1,0,0,0,0.7,0.0,33.3,0.0,1.0,1.0,0.0,100.0,0.0,0.3,3.0,0.0,100.0,,3.0,inf,1,14,2,2,0,2,12,0,0,0,6,0,1,0,1,0,0,0,0,0,7.0,0,50.0,16.7,7.0,0,6.0,0,1.2,6.0,16.7,2.0,2.0,7.0,-12.5,-0.7,-0.3,-0.2
R Slater,R Slater,Right hand,Right arm pace,1,0,0,0.0,1,1,1,0,0,1,2,0,0,0,0,0,0,0,0,0.5,50.0,50.0,0.0,inf,1.0,0.0,100.0,0.0,0.5,2.0,0.0,100.0,,inf,inf,1,10,3,1,0,2,12,0,0,0,7,1,0,0,0,1,0,0,0,0,5.0,0,58.3,8.3,5.0,0,6.0,0,0.8,12.0,33.3,2.3,3.0,5.0,-12.5,-0.5,-4.3,-0.6
C Brewer,C Brewer,Right hand,Right arm pace,1,1,0,100.0,1,14,3,2,0,6,12,1,0,1,0,0,0,0,0,0.5,16.7,116.7,0.0,14.0,14.0,0.0,100.0,16.7,1.2,12.0,0.0,100.0,4.0,12.0,6.0,0,0,0,0,0,0,0,0,0,0,0,0,0,0,0,0,0,0,0,0,,0,,,,0,,0,,,,0.0,7.0,,0.5,0.2,-14.3,
E Jones,E Jones,Left hand,Left arm pace,1,1,0,100.0,1,26,9,3,0,4,18,0,0,0,0,0,0,0,0,0.2,55.0,144.4,0.0,inf,26.0,0.0,100.0,16.7,1.4,18.0,0.0,100.0,13.0,inf,6.0,0,0,0,0,0,0,0,0,0,0,0,0,0,0,0,0,0,0,0,0,,0,,,,0,,0,,,,0.0,8.7,,12.5,0.4,-14.3,
C Webb,C Webb,Right hand,Right arm leg break,1,1,0,100.0,1,2,2,0,0,4,6,1,0,0,0,1,0,0,0,0.7,50.0,33.3,0.0,2.0,2.0,0.0,100.0,0.0,0.3,6.0,0.0,100.0,,6.0,inf,0,0,0,0,0,0,0,0,0,0,0,0,0,0,0,0,0,0,0,0,,0,,,,0,,0,,,,0.0,2.0,,-11.5,-0.7,-14.3,
HR Walsh,HR Walsh,Left hand,Right arm leg break,1,1,0,100.0,0,0,0,0,0,0,0,0,0,0,0,0,0,0,0,,,,0.0,,,0.0,,,,,0.0,,,,,1,18,4,0,2,0,12,0,0,0,5,0,0,0,0,0,0,0,0,0,9.0,0,41.7,16.7,inf,0,inf,0,1.5,6.0,16.7,1.7,,inf,-13.5,,3.7,0.1
PE Kruger,PE Kruger,Right hand,Right arm pace,1,0,0,0.0,1,16,6,1,1,3,13,0,0,0,0,0,0,0,0,0.2,42.9,123.1,0.0,inf,16.0,0.0,100.0,15.4,1.2,13.0,0.0,100.0,9.0,inf,6.5,1,8,4,1,0,0,6,0,0,0,1,0,0,0,0,0,0,0,0,0,8.0,0,16.7,16.7,inf,0,inf,0,1.3,6.0,83.3,1.0,7.4,inf,2.5,0.2,-6.3,-0.1
A Athanaze,A Athanaze,,,1,1,0,100.0,1,6,4,0,0,2,7,0,0,0,0,0,0,0,0,0.3,62.5,85.7,0.0,inf,6.0,0.0,100.0,0.0,0.9,7.0,0.0,100.0,,inf,inf,0,0,0,0,0,0,0,0,0,0,0,0,0,0,0,0,0,1,0,0,,0,,,,0,,0,,,,0.0,5.1,,-7.5,-0.1,-14.3,
G Coetzee,G Coetzee,Right hand,Right arm pace,1,0,0,0.0,1,0,0,0,0,1,1,1,0,0,0,1,0,0,0,1.0,0.0,0.0,0.0,0.0,0.0,0.0,,0.0,0.0,1.0,0.0,100.0,,1.0,inf,1,37,6,1,4,1,18,3,0,3,7,0,0,0,1,0,0,0,0,0,12.3,0,38.9,27.8,37.0,0,18.0,0,2.1,3.6,30.0,1.8,0.0,37.0,-13.5,-1.0,22.7,0.7
